<annotation>
	<folder></folder>
	<filename>ck0kdra5c7mjh0944w97n0exh_jpeg.rf.9c74c6aa1eddac85e5e0b25cd6659bae.jpg</filename>
	<path>ck0kdra5c7mjh0944w97n0exh_jpeg.rf.9c74c6aa1eddac85e5e0b25cd6659bae.jpg</path>
	<source>
		<database>roboflow.ai</database>
	</source>
	<size>
		<width>640</width>
		<height>480</height>
		<depth>3</depth>
	</size>
	<segmented>0</segmented>
	<object>
		<name>smoke</name>
		<pose>Unspecified</pose>
		<truncated>0</truncated>
		<difficult>0</difficult>
		<occluded>0</occluded>
		<bndbox>
			<xmin>310</xmin>
			<xmax>467</xmax>
			<ymin>151</ymin>
			<ymax>259</ymax>
		</bndbox>
	</object>
</annotation>
