<annotation>
	<folder></folder>
	<filename>ck0kmtk7c90w60944bjhqhm4j_jpeg.rf.7d0d231f2974389d1a30caa1e483200b.jpg</filename>
	<path>ck0kmtk7c90w60944bjhqhm4j_jpeg.rf.7d0d231f2974389d1a30caa1e483200b.jpg</path>
	<source>
		<database>roboflow.ai</database>
	</source>
	<size>
		<width>640</width>
		<height>480</height>
		<depth>3</depth>
	</size>
	<segmented>0</segmented>
	<object>
		<name>smoke</name>
		<pose>Unspecified</pose>
		<truncated>0</truncated>
		<difficult>0</difficult>
		<occluded>0</occluded>
		<bndbox>
			<xmin>271</xmin>
			<xmax>311</xmax>
			<ymin>208</ymin>
			<ymax>242</ymax>
		</bndbox>
	</object>
</annotation>
