<annotation>
	<folder></folder>
	<filename>ck0kcso214r0r0863m2otgmja_jpeg.rf.b48fb357a1a6847855385883a548e024.jpg</filename>
	<path>ck0kcso214r0r0863m2otgmja_jpeg.rf.b48fb357a1a6847855385883a548e024.jpg</path>
	<source>
		<database>roboflow.ai</database>
	</source>
	<size>
		<width>640</width>
		<height>480</height>
		<depth>3</depth>
	</size>
	<segmented>0</segmented>
	<object>
		<name>smoke</name>
		<pose>Unspecified</pose>
		<truncated>0</truncated>
		<difficult>0</difficult>
		<occluded>0</occluded>
		<bndbox>
			<xmin>139</xmin>
			<xmax>178</xmax>
			<ymin>239</ymin>
			<ymax>283</ymax>
		</bndbox>
	</object>
</annotation>
