<annotation>
	<folder></folder>
	<filename>ck0klds7p9myv07018b68zcsu_jpeg.rf.70111b543b1fd156a55df6337171de99.jpg</filename>
	<path>ck0klds7p9myv07018b68zcsu_jpeg.rf.70111b543b1fd156a55df6337171de99.jpg</path>
	<source>
		<database>roboflow.ai</database>
	</source>
	<size>
		<width>640</width>
		<height>480</height>
		<depth>3</depth>
	</size>
	<segmented>0</segmented>
	<object>
		<name>smoke</name>
		<pose>Unspecified</pose>
		<truncated>0</truncated>
		<difficult>0</difficult>
		<occluded>0</occluded>
		<bndbox>
			<xmin>275</xmin>
			<xmax>307</xmax>
			<ymin>209</ymin>
			<ymax>242</ymax>
		</bndbox>
	</object>
</annotation>
