<annotation>
	<folder></folder>
	<filename>ck0kow7lga3y30701f2yvt2b2_jpeg.rf.ecf01b0da90868c719b611d91b39ffaa.jpg</filename>
	<path>ck0kow7lga3y30701f2yvt2b2_jpeg.rf.ecf01b0da90868c719b611d91b39ffaa.jpg</path>
	<source>
		<database>roboflow.ai</database>
	</source>
	<size>
		<width>640</width>
		<height>480</height>
		<depth>3</depth>
	</size>
	<segmented>0</segmented>
	<object>
		<name>smoke</name>
		<pose>Unspecified</pose>
		<truncated>0</truncated>
		<difficult>0</difficult>
		<occluded>0</occluded>
		<bndbox>
			<xmin>318</xmin>
			<xmax>497</xmax>
			<ymin>91</ymin>
			<ymax>259</ymax>
		</bndbox>
	</object>
</annotation>
