<annotation>
	<folder></folder>
	<filename>ck0kdgfrn7loi0944bc5njxd7_jpeg.rf.e77b9a3d458cca0a65c750a0e39b2036.jpg</filename>
	<path>ck0kdgfrn7loi0944bc5njxd7_jpeg.rf.e77b9a3d458cca0a65c750a0e39b2036.jpg</path>
	<source>
		<database>roboflow.ai</database>
	</source>
	<size>
		<width>640</width>
		<height>480</height>
		<depth>3</depth>
	</size>
	<segmented>0</segmented>
	<object>
		<name>smoke</name>
		<pose>Unspecified</pose>
		<truncated>0</truncated>
		<difficult>0</difficult>
		<occluded>0</occluded>
		<bndbox>
			<xmin>504</xmin>
			<xmax>622</xmax>
			<ymin>246</ymin>
			<ymax>293</ymax>
		</bndbox>
	</object>
</annotation>
