<annotation>
	<folder></folder>
	<filename>ck0kky5oy7d3s08381yd0i465_jpeg.rf.6874685b468e778c76cc2d41a289e65d.jpg</filename>
	<path>ck0kky5oy7d3s08381yd0i465_jpeg.rf.6874685b468e778c76cc2d41a289e65d.jpg</path>
	<source>
		<database>roboflow.ai</database>
	</source>
	<size>
		<width>640</width>
		<height>480</height>
		<depth>3</depth>
	</size>
	<segmented>0</segmented>
	<object>
		<name>smoke</name>
		<pose>Unspecified</pose>
		<truncated>0</truncated>
		<difficult>0</difficult>
		<occluded>0</occluded>
		<bndbox>
			<xmin>186</xmin>
			<xmax>214</xmax>
			<ymin>206</ymin>
			<ymax>232</ymax>
		</bndbox>
	</object>
</annotation>
