<annotation>
	<folder></folder>
	<filename>ck0koqfpl6g0x0863mmghhzwg_jpeg.rf.e4096a41d191d035f061c7e7be01d05c.jpg</filename>
	<path>ck0koqfpl6g0x0863mmghhzwg_jpeg.rf.e4096a41d191d035f061c7e7be01d05c.jpg</path>
	<source>
		<database>roboflow.ai</database>
	</source>
	<size>
		<width>640</width>
		<height>480</height>
		<depth>3</depth>
	</size>
	<segmented>0</segmented>
	<object>
		<name>smoke</name>
		<pose>Unspecified</pose>
		<truncated>0</truncated>
		<difficult>0</difficult>
		<occluded>0</occluded>
		<bndbox>
			<xmin>367</xmin>
			<xmax>522</xmax>
			<ymin>272</ymin>
			<ymax>317</ymax>
		</bndbox>
	</object>
</annotation>
