<annotation>
	<folder></folder>
	<filename>ck0kdpfyk4t8v08633b9u5zhe_jpeg.rf.ff2afd2c799d7ce3dbf8e4588e60fda5.jpg</filename>
	<path>ck0kdpfyk4t8v08633b9u5zhe_jpeg.rf.ff2afd2c799d7ce3dbf8e4588e60fda5.jpg</path>
	<source>
		<database>roboflow.ai</database>
	</source>
	<size>
		<width>640</width>
		<height>480</height>
		<depth>3</depth>
	</size>
	<segmented>0</segmented>
	<object>
		<name>smoke</name>
		<pose>Unspecified</pose>
		<truncated>0</truncated>
		<difficult>0</difficult>
		<occluded>0</occluded>
		<bndbox>
			<xmin>284</xmin>
			<xmax>417</xmax>
			<ymin>241</ymin>
			<ymax>319</ymax>
		</bndbox>
	</object>
</annotation>
