<annotation>
	<folder></folder>
	<filename>ck0kfnjva6jp60838d6vqyxq2_jpeg.rf.7c607da0dfd4b5f5ca371c0906a45fe6.jpg</filename>
	<path>ck0kfnjva6jp60838d6vqyxq2_jpeg.rf.7c607da0dfd4b5f5ca371c0906a45fe6.jpg</path>
	<source>
		<database>roboflow.ai</database>
	</source>
	<size>
		<width>640</width>
		<height>480</height>
		<depth>3</depth>
	</size>
	<segmented>0</segmented>
	<object>
		<name>smoke</name>
		<pose>Unspecified</pose>
		<truncated>0</truncated>
		<difficult>0</difficult>
		<occluded>0</occluded>
		<bndbox>
			<xmin>454</xmin>
			<xmax>616</xmax>
			<ymin>215</ymin>
			<ymax>289</ymax>
		</bndbox>
	</object>
</annotation>
