<annotation>
	<folder></folder>
	<filename>ck0km3uktkdxc0a46uf6e417v_jpeg.rf.b37895e0f3e5352335d9ecb08f96c27e.jpg</filename>
	<path>ck0km3uktkdxc0a46uf6e417v_jpeg.rf.b37895e0f3e5352335d9ecb08f96c27e.jpg</path>
	<source>
		<database>roboflow.ai</database>
	</source>
	<size>
		<width>640</width>
		<height>480</height>
		<depth>3</depth>
	</size>
	<segmented>0</segmented>
	<object>
		<name>smoke</name>
		<pose>Unspecified</pose>
		<truncated>0</truncated>
		<difficult>0</difficult>
		<occluded>0</occluded>
		<bndbox>
			<xmin>220</xmin>
			<xmax>257</xmax>
			<ymin>208</ymin>
			<ymax>240</ymax>
		</bndbox>
	</object>
</annotation>
