<annotation>
	<folder></folder>
	<filename>ck0kl3wpd616z079452ea8lq2_jpeg.rf.c9ef393eca807516bb64ed1f77d1c329.jpg</filename>
	<path>ck0kl3wpd616z079452ea8lq2_jpeg.rf.c9ef393eca807516bb64ed1f77d1c329.jpg</path>
	<source>
		<database>roboflow.ai</database>
	</source>
	<size>
		<width>640</width>
		<height>480</height>
		<depth>3</depth>
	</size>
	<segmented>0</segmented>
	<object>
		<name>smoke</name>
		<pose>Unspecified</pose>
		<truncated>0</truncated>
		<difficult>0</difficult>
		<occluded>0</occluded>
		<bndbox>
			<xmin>127</xmin>
			<xmax>175</xmax>
			<ymin>195</ymin>
			<ymax>285</ymax>
		</bndbox>
	</object>
</annotation>
