<annotation>
	<folder></folder>
	<filename>ck0kfljfp7vuk09441308dug1_jpeg.rf.dc55db65a3baa4ff7ed9768c00cc81f7.jpg</filename>
	<path>ck0kfljfp7vuk09441308dug1_jpeg.rf.dc55db65a3baa4ff7ed9768c00cc81f7.jpg</path>
	<source>
		<database>roboflow.ai</database>
	</source>
	<size>
		<width>640</width>
		<height>480</height>
		<depth>3</depth>
	</size>
	<segmented>0</segmented>
	<object>
		<name>smoke</name>
		<pose>Unspecified</pose>
		<truncated>0</truncated>
		<difficult>0</difficult>
		<occluded>0</occluded>
		<bndbox>
			<xmin>286</xmin>
			<xmax>308</xmax>
			<ymin>218</ymin>
			<ymax>242</ymax>
		</bndbox>
	</object>
</annotation>
