<annotation>
	<folder></folder>
	<filename>ck0kmi067lmu70848mrnfi0rc_jpeg.rf.a31f55cd786e5155b79470fb2a7faea0.jpg</filename>
	<path>ck0kmi067lmu70848mrnfi0rc_jpeg.rf.a31f55cd786e5155b79470fb2a7faea0.jpg</path>
	<source>
		<database>roboflow.ai</database>
	</source>
	<size>
		<width>640</width>
		<height>480</height>
		<depth>3</depth>
	</size>
	<segmented>0</segmented>
	<object>
		<name>smoke</name>
		<pose>Unspecified</pose>
		<truncated>0</truncated>
		<difficult>0</difficult>
		<occluded>0</occluded>
		<bndbox>
			<xmin>125</xmin>
			<xmax>186</xmax>
			<ymin>187</ymin>
			<ymax>315</ymax>
		</bndbox>
	</object>
</annotation>
