<annotation>
	<folder></folder>
	<filename>ck0kkv2jf8pil09448qnz1ndu_jpeg.rf.fa40e68bec965ba376f16ed65cb1347d.jpg</filename>
	<path>ck0kkv2jf8pil09448qnz1ndu_jpeg.rf.fa40e68bec965ba376f16ed65cb1347d.jpg</path>
	<source>
		<database>roboflow.ai</database>
	</source>
	<size>
		<width>640</width>
		<height>480</height>
		<depth>3</depth>
	</size>
	<segmented>0</segmented>
	<object>
		<name>smoke</name>
		<pose>Unspecified</pose>
		<truncated>0</truncated>
		<difficult>0</difficult>
		<occluded>0</occluded>
		<bndbox>
			<xmin>451</xmin>
			<xmax>612</xmax>
			<ymin>219</ymin>
			<ymax>286</ymax>
		</bndbox>
	</object>
</annotation>
