<annotation>
	<folder></folder>
	<filename>ck0kkep0vb0nz0721g3sq0a4g_jpeg.rf.dd0d3963e97103fd24b0302cba1d3b2c.jpg</filename>
	<path>ck0kkep0vb0nz0721g3sq0a4g_jpeg.rf.dd0d3963e97103fd24b0302cba1d3b2c.jpg</path>
	<source>
		<database>roboflow.ai</database>
	</source>
	<size>
		<width>640</width>
		<height>480</height>
		<depth>3</depth>
	</size>
	<segmented>0</segmented>
	<object>
		<name>smoke</name>
		<pose>Unspecified</pose>
		<truncated>0</truncated>
		<difficult>0</difficult>
		<occluded>0</occluded>
		<bndbox>
			<xmin>326</xmin>
			<xmax>398</xmax>
			<ymin>209</ymin>
			<ymax>250</ymax>
		</bndbox>
	</object>
</annotation>
