<annotation>
	<folder></folder>
	<filename>ck0kdgpnj8gvt0701oaod540q_jpeg.rf.bc941fefccb53c1c7067d832f2489e28.jpg</filename>
	<path>ck0kdgpnj8gvt0701oaod540q_jpeg.rf.bc941fefccb53c1c7067d832f2489e28.jpg</path>
	<source>
		<database>roboflow.ai</database>
	</source>
	<size>
		<width>640</width>
		<height>480</height>
		<depth>3</depth>
	</size>
	<segmented>0</segmented>
	<object>
		<name>smoke</name>
		<pose>Unspecified</pose>
		<truncated>0</truncated>
		<difficult>0</difficult>
		<occluded>0</occluded>
		<bndbox>
			<xmin>4</xmin>
			<xmax>155</xmax>
			<ymin>143</ymin>
			<ymax>326</ymax>
		</bndbox>
	</object>
</annotation>
