<annotation>
	<folder></folder>
	<filename>ck0kfmg3p6jh90838qxnikor1_jpeg.rf.c940db5cb0499c51a3e30d63ebb6f584.jpg</filename>
	<path>ck0kfmg3p6jh90838qxnikor1_jpeg.rf.c940db5cb0499c51a3e30d63ebb6f584.jpg</path>
	<source>
		<database>roboflow.ai</database>
	</source>
	<size>
		<width>640</width>
		<height>480</height>
		<depth>3</depth>
	</size>
	<segmented>0</segmented>
	<object>
		<name>smoke</name>
		<pose>Unspecified</pose>
		<truncated>0</truncated>
		<difficult>0</difficult>
		<occluded>0</occluded>
		<bndbox>
			<xmin>188</xmin>
			<xmax>313</xmax>
			<ymin>201</ymin>
			<ymax>244</ymax>
		</bndbox>
	</object>
</annotation>
