<annotation>
	<folder></folder>
	<filename>ck0kkg0u65u3q0863z6w2psqp_jpeg.rf.80b296c2869e29872d0e01490464314e.jpg</filename>
	<path>ck0kkg0u65u3q0863z6w2psqp_jpeg.rf.80b296c2869e29872d0e01490464314e.jpg</path>
	<source>
		<database>roboflow.ai</database>
	</source>
	<size>
		<width>640</width>
		<height>480</height>
		<depth>3</depth>
	</size>
	<segmented>0</segmented>
	<object>
		<name>smoke</name>
		<pose>Unspecified</pose>
		<truncated>0</truncated>
		<difficult>0</difficult>
		<occluded>0</occluded>
		<bndbox>
			<xmin>468</xmin>
			<xmax>541</xmax>
			<ymin>193</ymin>
			<ymax>245</ymax>
		</bndbox>
	</object>
</annotation>
