<annotation>
	<folder></folder>
	<filename>ck0kkg80v5x900794hcgsb4e1_jpeg.rf.c14e4f9813670fcb8bc4bc762fb0afa8.jpg</filename>
	<path>ck0kkg80v5x900794hcgsb4e1_jpeg.rf.c14e4f9813670fcb8bc4bc762fb0afa8.jpg</path>
	<source>
		<database>roboflow.ai</database>
	</source>
	<size>
		<width>640</width>
		<height>480</height>
		<depth>3</depth>
	</size>
	<segmented>0</segmented>
	<object>
		<name>smoke</name>
		<pose>Unspecified</pose>
		<truncated>0</truncated>
		<difficult>0</difficult>
		<occluded>0</occluded>
		<bndbox>
			<xmin>121</xmin>
			<xmax>194</xmax>
			<ymin>202</ymin>
			<ymax>313</ymax>
		</bndbox>
	</object>
</annotation>
