<annotation>
	<folder></folder>
	<filename>ck0kdvg6tj4hn0a46k06job5k_jpeg.rf.fa065ac54cfb77706875d2b1aef49e0e.jpg</filename>
	<path>ck0kdvg6tj4hn0a46k06job5k_jpeg.rf.fa065ac54cfb77706875d2b1aef49e0e.jpg</path>
	<source>
		<database>roboflow.ai</database>
	</source>
	<size>
		<width>640</width>
		<height>480</height>
		<depth>3</depth>
	</size>
	<segmented>0</segmented>
	<object>
		<name>smoke</name>
		<pose>Unspecified</pose>
		<truncated>0</truncated>
		<difficult>0</difficult>
		<occluded>0</occluded>
		<bndbox>
			<xmin>97</xmin>
			<xmax>336</xmax>
			<ymin>205</ymin>
			<ymax>268</ymax>
		</bndbox>
	</object>
</annotation>
