<annotation>
	<folder></folder>
	<filename>ck0kdc75e4wgn0794wltgjwdw_jpeg.rf.d6e58c1f6882247f6f923fd4918c8b97.jpg</filename>
	<path>ck0kdc75e4wgn0794wltgjwdw_jpeg.rf.d6e58c1f6882247f6f923fd4918c8b97.jpg</path>
	<source>
		<database>roboflow.ai</database>
	</source>
	<size>
		<width>640</width>
		<height>480</height>
		<depth>3</depth>
	</size>
	<segmented>0</segmented>
	<object>
		<name>smoke</name>
		<pose>Unspecified</pose>
		<truncated>0</truncated>
		<difficult>0</difficult>
		<occluded>0</occluded>
		<bndbox>
			<xmin>182</xmin>
			<xmax>215</xmax>
			<ymin>206</ymin>
			<ymax>232</ymax>
		</bndbox>
	</object>
</annotation>
