<annotation>
	<folder></folder>
	<filename>ck0k9dg0vjxcg0848rmqzl38w_jpeg.rf.aa2243c64fd18ad4e8c179d09c12cbfc.jpg</filename>
	<path>ck0k9dg0vjxcg0848rmqzl38w_jpeg.rf.aa2243c64fd18ad4e8c179d09c12cbfc.jpg</path>
	<source>
		<database>roboflow.ai</database>
	</source>
	<size>
		<width>640</width>
		<height>480</height>
		<depth>3</depth>
	</size>
	<segmented>0</segmented>
	<object>
		<name>smoke</name>
		<pose>Unspecified</pose>
		<truncated>0</truncated>
		<difficult>0</difficult>
		<occluded>0</occluded>
		<bndbox>
			<xmin>127</xmin>
			<xmax>252</xmax>
			<ymin>198</ymin>
			<ymax>314</ymax>
		</bndbox>
	</object>
</annotation>
