<annotation>
	<folder></folder>
	<filename>ck0k9jss09oxq0721c8pd7eds_jpeg.rf.fa5ce52e0ebc5762bee66acd5bc1aa1d.jpg</filename>
	<path>ck0k9jss09oxq0721c8pd7eds_jpeg.rf.fa5ce52e0ebc5762bee66acd5bc1aa1d.jpg</path>
	<source>
		<database>roboflow.ai</database>
	</source>
	<size>
		<width>640</width>
		<height>480</height>
		<depth>3</depth>
	</size>
	<segmented>0</segmented>
	<object>
		<name>smoke</name>
		<pose>Unspecified</pose>
		<truncated>0</truncated>
		<difficult>0</difficult>
		<occluded>0</occluded>
		<bndbox>
			<xmin>313</xmin>
			<xmax>588</xmax>
			<ymin>147</ymin>
			<ymax>266</ymax>
		</bndbox>
	</object>
</annotation>
