<annotation>
	<folder></folder>
	<filename>ck0khrpvr6w7p08381txzz4na_jpeg.rf.e8b802a44e4fe52b71fbab310155d3c4.jpg</filename>
	<path>ck0khrpvr6w7p08381txzz4na_jpeg.rf.e8b802a44e4fe52b71fbab310155d3c4.jpg</path>
	<source>
		<database>roboflow.ai</database>
	</source>
	<size>
		<width>640</width>
		<height>480</height>
		<depth>3</depth>
	</size>
	<segmented>0</segmented>
	<object>
		<name>smoke</name>
		<pose>Unspecified</pose>
		<truncated>0</truncated>
		<difficult>0</difficult>
		<occluded>0</occluded>
		<bndbox>
			<xmin>192</xmin>
			<xmax>216</xmax>
			<ymin>205</ymin>
			<ymax>231</ymax>
		</bndbox>
	</object>
</annotation>
