<annotation>
	<folder></folder>
	<filename>ck0km4hlk63zp0863ur0owhkg_jpeg.rf.c21e125782c726a343832cbf44531e8b.jpg</filename>
	<path>ck0km4hlk63zp0863ur0owhkg_jpeg.rf.c21e125782c726a343832cbf44531e8b.jpg</path>
	<source>
		<database>roboflow.ai</database>
	</source>
	<size>
		<width>640</width>
		<height>480</height>
		<depth>3</depth>
	</size>
	<segmented>0</segmented>
	<object>
		<name>smoke</name>
		<pose>Unspecified</pose>
		<truncated>0</truncated>
		<difficult>0</difficult>
		<occluded>0</occluded>
		<bndbox>
			<xmin>207</xmin>
			<xmax>257</xmax>
			<ymin>158</ymin>
			<ymax>239</ymax>
		</bndbox>
	</object>
</annotation>
