<annotation>
	<folder></folder>
	<filename>ck0kmr5ewkhpq0a46nuv73id4_jpeg.rf.eefd3b3e4bc495f0be37f429b5221ead.jpg</filename>
	<path>ck0kmr5ewkhpq0a46nuv73id4_jpeg.rf.eefd3b3e4bc495f0be37f429b5221ead.jpg</path>
	<source>
		<database>roboflow.ai</database>
	</source>
	<size>
		<width>640</width>
		<height>480</height>
		<depth>3</depth>
	</size>
	<segmented>0</segmented>
	<object>
		<name>smoke</name>
		<pose>Unspecified</pose>
		<truncated>0</truncated>
		<difficult>0</difficult>
		<occluded>0</occluded>
		<bndbox>
			<xmin>311</xmin>
			<xmax>538</xmax>
			<ymin>140</ymin>
			<ymax>254</ymax>
		</bndbox>
	</object>
</annotation>
