<annotation>
	<folder></folder>
	<filename>ck0korwq7kq730a465vnctqhc_jpeg.rf.d31a5db033fffacd8293d649856293b9.jpg</filename>
	<path>ck0korwq7kq730a465vnctqhc_jpeg.rf.d31a5db033fffacd8293d649856293b9.jpg</path>
	<source>
		<database>roboflow.ai</database>
	</source>
	<size>
		<width>640</width>
		<height>480</height>
		<depth>3</depth>
	</size>
	<segmented>0</segmented>
	<object>
		<name>smoke</name>
		<pose>Unspecified</pose>
		<truncated>0</truncated>
		<difficult>0</difficult>
		<occluded>0</occluded>
		<bndbox>
			<xmin>474</xmin>
			<xmax>521</xmax>
			<ymin>198</ymin>
			<ymax>246</ymax>
		</bndbox>
	</object>
</annotation>
