<annotation>
	<folder></folder>
	<filename>ck0kmrvn590jl0944asem2ofh_jpeg.rf.d2d17e7e7b937478c360cb889bc2dcda.jpg</filename>
	<path>ck0kmrvn590jl0944asem2ofh_jpeg.rf.d2d17e7e7b937478c360cb889bc2dcda.jpg</path>
	<source>
		<database>roboflow.ai</database>
	</source>
	<size>
		<width>640</width>
		<height>480</height>
		<depth>3</depth>
	</size>
	<segmented>0</segmented>
	<object>
		<name>smoke</name>
		<pose>Unspecified</pose>
		<truncated>0</truncated>
		<difficult>0</difficult>
		<occluded>0</occluded>
		<bndbox>
			<xmin>315</xmin>
			<xmax>559</xmax>
			<ymin>83</ymin>
			<ymax>258</ymax>
		</bndbox>
	</object>
</annotation>
