<annotation>
	<folder></folder>
	<filename>ck0kkgh0ik3y20a46kzrit8v2_jpeg.rf.d67b266cfd13ae5f09666bfda12df841.jpg</filename>
	<path>ck0kkgh0ik3y20a46kzrit8v2_jpeg.rf.d67b266cfd13ae5f09666bfda12df841.jpg</path>
	<source>
		<database>roboflow.ai</database>
	</source>
	<size>
		<width>640</width>
		<height>480</height>
		<depth>3</depth>
	</size>
	<segmented>0</segmented>
	<object>
		<name>smoke</name>
		<pose>Unspecified</pose>
		<truncated>0</truncated>
		<difficult>0</difficult>
		<occluded>0</occluded>
		<bndbox>
			<xmin>496</xmin>
			<xmax>548</xmax>
			<ymin>198</ymin>
			<ymax>251</ymax>
		</bndbox>
	</object>
</annotation>
