<annotation>
	<folder></folder>
	<filename>ck0kmpmy67n4j08386u8554cs_jpeg.rf.89faad475147ff77905709359f200fb2.jpg</filename>
	<path>ck0kmpmy67n4j08386u8554cs_jpeg.rf.89faad475147ff77905709359f200fb2.jpg</path>
	<source>
		<database>roboflow.ai</database>
	</source>
	<size>
		<width>640</width>
		<height>480</height>
		<depth>3</depth>
	</size>
	<segmented>0</segmented>
	<object>
		<name>smoke</name>
		<pose>Unspecified</pose>
		<truncated>0</truncated>
		<difficult>0</difficult>
		<occluded>0</occluded>
		<bndbox>
			<xmin>200</xmin>
			<xmax>422</xmax>
			<ymin>179</ymin>
			<ymax>314</ymax>
		</bndbox>
	</object>
</annotation>
