<annotation>
	<folder></folder>
	<filename>ck0kl3hgk8qyh0944gjtwyh6h_jpeg.rf.85b34d8cb8d16bc37f64dded2353d2d7.jpg</filename>
	<path>ck0kl3hgk8qyh0944gjtwyh6h_jpeg.rf.85b34d8cb8d16bc37f64dded2353d2d7.jpg</path>
	<source>
		<database>roboflow.ai</database>
	</source>
	<size>
		<width>640</width>
		<height>480</height>
		<depth>3</depth>
	</size>
	<segmented>0</segmented>
	<object>
		<name>smoke</name>
		<pose>Unspecified</pose>
		<truncated>0</truncated>
		<difficult>0</difficult>
		<occluded>0</occluded>
		<bndbox>
			<xmin>493</xmin>
			<xmax>539</xmax>
			<ymin>209</ymin>
			<ymax>252</ymax>
		</bndbox>
	</object>
</annotation>
