<annotation>
	<folder></folder>
	<filename>ck0kl5uir7ej708386nnh95ra_jpeg.rf.786c13aa05537a5beafde2dcaafa6c9f.jpg</filename>
	<path>ck0kl5uir7ej708386nnh95ra_jpeg.rf.786c13aa05537a5beafde2dcaafa6c9f.jpg</path>
	<source>
		<database>roboflow.ai</database>
	</source>
	<size>
		<width>640</width>
		<height>480</height>
		<depth>3</depth>
	</size>
	<segmented>0</segmented>
	<object>
		<name>smoke</name>
		<pose>Unspecified</pose>
		<truncated>0</truncated>
		<difficult>0</difficult>
		<occluded>0</occluded>
		<bndbox>
			<xmin>313</xmin>
			<xmax>521</xmax>
			<ymin>122</ymin>
			<ymax>259</ymax>
		</bndbox>
	</object>
</annotation>
