<annotation>
	<folder></folder>
	<filename>ck0kcy2pmj1v70a464cl53bkw_jpeg.rf.b77a5b90fda05cd6f76d1dfa1383a790.jpg</filename>
	<path>ck0kcy2pmj1v70a464cl53bkw_jpeg.rf.b77a5b90fda05cd6f76d1dfa1383a790.jpg</path>
	<source>
		<database>roboflow.ai</database>
	</source>
	<size>
		<width>640</width>
		<height>480</height>
		<depth>3</depth>
	</size>
	<segmented>0</segmented>
	<object>
		<name>smoke</name>
		<pose>Unspecified</pose>
		<truncated>0</truncated>
		<difficult>0</difficult>
		<occluded>0</occluded>
		<bndbox>
			<xmin>306</xmin>
			<xmax>438</xmax>
			<ymin>167</ymin>
			<ymax>253</ymax>
		</bndbox>
	</object>
</annotation>
