<annotation>
	<folder></folder>
	<filename>ck0kcn7u1j0vk0a46lr8si8zl_jpeg.rf.ab05dcea54504926189eaf13d19802ec.jpg</filename>
	<path>ck0kcn7u1j0vk0a46lr8si8zl_jpeg.rf.ab05dcea54504926189eaf13d19802ec.jpg</path>
	<source>
		<database>roboflow.ai</database>
	</source>
	<size>
		<width>640</width>
		<height>480</height>
		<depth>3</depth>
	</size>
	<segmented>0</segmented>
	<object>
		<name>smoke</name>
		<pose>Unspecified</pose>
		<truncated>0</truncated>
		<difficult>0</difficult>
		<occluded>0</occluded>
		<bndbox>
			<xmin>96</xmin>
			<xmax>251</xmax>
			<ymin>227</ymin>
			<ymax>290</ymax>
		</bndbox>
	</object>
</annotation>
