<annotation>
	<folder></folder>
	<filename>ck0kd21cfj2810a46eicmjtng_jpeg.rf.92bda2dbaf58e1e37a1fd333b2e0b7f4.jpg</filename>
	<path>ck0kd21cfj2810a46eicmjtng_jpeg.rf.92bda2dbaf58e1e37a1fd333b2e0b7f4.jpg</path>
	<source>
		<database>roboflow.ai</database>
	</source>
	<size>
		<width>640</width>
		<height>480</height>
		<depth>3</depth>
	</size>
	<segmented>0</segmented>
	<object>
		<name>smoke</name>
		<pose>Unspecified</pose>
		<truncated>0</truncated>
		<difficult>0</difficult>
		<occluded>0</occluded>
		<bndbox>
			<xmin>91</xmin>
			<xmax>277</xmax>
			<ymin>222</ymin>
			<ymax>267</ymax>
		</bndbox>
	</object>
</annotation>
