<annotation>
	<folder></folder>
	<filename>ck0kdeqv8a00m0721x8avt6qe_jpeg.rf.ccb567cc23cf7f9a2ceeb4634041509a.jpg</filename>
	<path>ck0kdeqv8a00m0721x8avt6qe_jpeg.rf.ccb567cc23cf7f9a2ceeb4634041509a.jpg</path>
	<source>
		<database>roboflow.ai</database>
	</source>
	<size>
		<width>640</width>
		<height>480</height>
		<depth>3</depth>
	</size>
	<segmented>0</segmented>
	<object>
		<name>smoke</name>
		<pose>Unspecified</pose>
		<truncated>0</truncated>
		<difficult>0</difficult>
		<occluded>0</occluded>
		<bndbox>
			<xmin>112</xmin>
			<xmax>265</xmax>
			<ymin>232</ymin>
			<ymax>286</ymax>
		</bndbox>
	</object>
</annotation>
