<annotation>
	<folder></folder>
	<filename>ck0kn591g92v60944tmg09bpa_jpeg.rf.e5899097b18526fc481119ec8f5b656c.jpg</filename>
	<path>ck0kn591g92v60944tmg09bpa_jpeg.rf.e5899097b18526fc481119ec8f5b656c.jpg</path>
	<source>
		<database>roboflow.ai</database>
	</source>
	<size>
		<width>640</width>
		<height>480</height>
		<depth>3</depth>
	</size>
	<segmented>0</segmented>
	<object>
		<name>smoke</name>
		<pose>Unspecified</pose>
		<truncated>0</truncated>
		<difficult>0</difficult>
		<occluded>0</occluded>
		<bndbox>
			<xmin>447</xmin>
			<xmax>503</xmax>
			<ymin>236</ymin>
			<ymax>253</ymax>
		</bndbox>
	</object>
</annotation>
