<annotation>
	<folder></folder>
	<filename>ck0kn6a6093460944dnwl19so_jpeg.rf.eaa9e57f5453024b7f67474c23ce8fbd.jpg</filename>
	<path>ck0kn6a6093460944dnwl19so_jpeg.rf.eaa9e57f5453024b7f67474c23ce8fbd.jpg</path>
	<source>
		<database>roboflow.ai</database>
	</source>
	<size>
		<width>640</width>
		<height>480</height>
		<depth>3</depth>
	</size>
	<segmented>0</segmented>
	<object>
		<name>smoke</name>
		<pose>Unspecified</pose>
		<truncated>0</truncated>
		<difficult>0</difficult>
		<occluded>0</occluded>
		<bndbox>
			<xmin>535</xmin>
			<xmax>622</xmax>
			<ymin>253</ymin>
			<ymax>292</ymax>
		</bndbox>
	</object>
</annotation>
