<annotation>
	<folder></folder>
	<filename>ck0kcubsi4r530863gt6or3em_jpeg.rf.85b35b9cbcbe849c2b67784936eed59f.jpg</filename>
	<path>ck0kcubsi4r530863gt6or3em_jpeg.rf.85b35b9cbcbe849c2b67784936eed59f.jpg</path>
	<source>
		<database>roboflow.ai</database>
	</source>
	<size>
		<width>640</width>
		<height>480</height>
		<depth>3</depth>
	</size>
	<segmented>0</segmented>
	<object>
		<name>smoke</name>
		<pose>Unspecified</pose>
		<truncated>0</truncated>
		<difficult>0</difficult>
		<occluded>0</occluded>
		<bndbox>
			<xmin>400</xmin>
			<xmax>481</xmax>
			<ymin>197</ymin>
			<ymax>246</ymax>
		</bndbox>
	</object>
</annotation>
