<annotation>
	<folder></folder>
	<filename>ck0kdklhl8h7h07015yka75gg_jpeg.rf.75afbde9ce791d335ed4015d2a6f679b.jpg</filename>
	<path>ck0kdklhl8h7h07015yka75gg_jpeg.rf.75afbde9ce791d335ed4015d2a6f679b.jpg</path>
	<source>
		<database>roboflow.ai</database>
	</source>
	<size>
		<width>640</width>
		<height>480</height>
		<depth>3</depth>
	</size>
	<segmented>0</segmented>
	<object>
		<name>smoke</name>
		<pose>Unspecified</pose>
		<truncated>0</truncated>
		<difficult>0</difficult>
		<occluded>0</occluded>
		<bndbox>
			<xmin>431</xmin>
			<xmax>548</xmax>
			<ymin>199</ymin>
			<ymax>245</ymax>
		</bndbox>
	</object>
</annotation>
