<annotation>
	<folder></folder>
	<filename>ck0kkizhblbln0848zygsqz0h_jpeg.rf.ea0e69b1a5fcc169eb7722c2ffb949d6.jpg</filename>
	<path>ck0kkizhblbln0848zygsqz0h_jpeg.rf.ea0e69b1a5fcc169eb7722c2ffb949d6.jpg</path>
	<source>
		<database>roboflow.ai</database>
	</source>
	<size>
		<width>640</width>
		<height>480</height>
		<depth>3</depth>
	</size>
	<segmented>0</segmented>
	<object>
		<name>smoke</name>
		<pose>Unspecified</pose>
		<truncated>0</truncated>
		<difficult>0</difficult>
		<occluded>0</occluded>
		<bndbox>
			<xmin>310</xmin>
			<xmax>491</xmax>
			<ymin>127</ymin>
			<ymax>255</ymax>
		</bndbox>
	</object>
</annotation>
