<annotation>
	<folder></folder>
	<filename>ck0kd8vmh68nl083835g4ngoc_jpeg.rf.c902cfa6716233a9c92df404d67030be.jpg</filename>
	<path>ck0kd8vmh68nl083835g4ngoc_jpeg.rf.c902cfa6716233a9c92df404d67030be.jpg</path>
	<source>
		<database>roboflow.ai</database>
	</source>
	<size>
		<width>640</width>
		<height>480</height>
		<depth>3</depth>
	</size>
	<segmented>0</segmented>
	<object>
		<name>smoke</name>
		<pose>Unspecified</pose>
		<truncated>0</truncated>
		<difficult>0</difficult>
		<occluded>0</occluded>
		<bndbox>
			<xmin>162</xmin>
			<xmax>215</xmax>
			<ymin>256</ymin>
			<ymax>283</ymax>
		</bndbox>
	</object>
</annotation>
