<annotation>
	<folder></folder>
	<filename>ck0kl3bjt5xyz0863ru5wbw27_jpeg.rf.74c0c9a18873df6308953374f38fc72e.jpg</filename>
	<path>ck0kl3bjt5xyz0863ru5wbw27_jpeg.rf.74c0c9a18873df6308953374f38fc72e.jpg</path>
	<source>
		<database>roboflow.ai</database>
	</source>
	<size>
		<width>640</width>
		<height>480</height>
		<depth>3</depth>
	</size>
	<segmented>0</segmented>
	<object>
		<name>smoke</name>
		<pose>Unspecified</pose>
		<truncated>0</truncated>
		<difficult>0</difficult>
		<occluded>0</occluded>
		<bndbox>
			<xmin>131</xmin>
			<xmax>185</xmax>
			<ymin>211</ymin>
			<ymax>291</ymax>
		</bndbox>
	</object>
</annotation>
