<annotation>
	<folder></folder>
	<filename>ck0kcbvwl4tja0794csyimfqu_jpeg.rf.9b8fccc32c80221a31a78bc6b8c54b39.jpg</filename>
	<path>ck0kcbvwl4tja0794csyimfqu_jpeg.rf.9b8fccc32c80221a31a78bc6b8c54b39.jpg</path>
	<source>
		<database>roboflow.ai</database>
	</source>
	<size>
		<width>640</width>
		<height>480</height>
		<depth>3</depth>
	</size>
	<segmented>0</segmented>
	<object>
		<name>smoke</name>
		<pose>Unspecified</pose>
		<truncated>0</truncated>
		<difficult>0</difficult>
		<occluded>0</occluded>
		<bndbox>
			<xmin>500</xmin>
			<xmax>615</xmax>
			<ymin>212</ymin>
			<ymax>285</ymax>
		</bndbox>
	</object>
</annotation>
