<annotation>
	<folder></folder>
	<filename>ck0kmhpz99t9w0701ftiu8jlx_jpeg.rf.99a4808a82d63b38b57fc93991730528.jpg</filename>
	<path>ck0kmhpz99t9w0701ftiu8jlx_jpeg.rf.99a4808a82d63b38b57fc93991730528.jpg</path>
	<source>
		<database>roboflow.ai</database>
	</source>
	<size>
		<width>640</width>
		<height>480</height>
		<depth>3</depth>
	</size>
	<segmented>0</segmented>
	<object>
		<name>smoke</name>
		<pose>Unspecified</pose>
		<truncated>0</truncated>
		<difficult>0</difficult>
		<occluded>0</occluded>
		<bndbox>
			<xmin>388</xmin>
			<xmax>420</xmax>
			<ymin>227</ymin>
			<ymax>251</ymax>
		</bndbox>
	</object>
</annotation>
