<annotation>
	<folder></folder>
	<filename>ck0klcevilg5n0848axl4ww0k_jpeg.rf.8336b312bb4f97701a551845eb1d6223.jpg</filename>
	<path>ck0klcevilg5n0848axl4ww0k_jpeg.rf.8336b312bb4f97701a551845eb1d6223.jpg</path>
	<source>
		<database>roboflow.ai</database>
	</source>
	<size>
		<width>640</width>
		<height>480</height>
		<depth>3</depth>
	</size>
	<segmented>0</segmented>
	<object>
		<name>smoke</name>
		<pose>Unspecified</pose>
		<truncated>0</truncated>
		<difficult>0</difficult>
		<occluded>0</occluded>
		<bndbox>
			<xmin>312</xmin>
			<xmax>566</xmax>
			<ymin>106</ymin>
			<ymax>259</ymax>
		</bndbox>
	</object>
</annotation>
