<annotation>
	<folder></folder>
	<filename>ck0l9dfokcv7o07013t4kgamc_jpeg.rf.a96fed0753b14130e42f31fd8d68438d.jpg</filename>
	<path>ck0l9dfokcv7o07013t4kgamc_jpeg.rf.a96fed0753b14130e42f31fd8d68438d.jpg</path>
	<source>
		<database>roboflow.ai</database>
	</source>
	<size>
		<width>640</width>
		<height>480</height>
		<depth>3</depth>
	</size>
	<segmented>0</segmented>
	<object>
		<name>smoke</name>
		<pose>Unspecified</pose>
		<truncated>0</truncated>
		<difficult>0</difficult>
		<occluded>0</occluded>
		<bndbox>
			<xmin>126</xmin>
			<xmax>201</xmax>
			<ymin>194</ymin>
			<ymax>315</ymax>
		</bndbox>
	</object>
</annotation>
