<annotation>
	<folder></folder>
	<filename>ck0l8bqss96gu0794pchtppli_jpeg.rf.e17bf9e0a389c74071cbe09081eb69ff.jpg</filename>
	<path>ck0l8bqss96gu0794pchtppli_jpeg.rf.e17bf9e0a389c74071cbe09081eb69ff.jpg</path>
	<source>
		<database>roboflow.ai</database>
	</source>
	<size>
		<width>640</width>
		<height>480</height>
		<depth>3</depth>
	</size>
	<segmented>0</segmented>
	<object>
		<name>smoke</name>
		<pose>Unspecified</pose>
		<truncated>0</truncated>
		<difficult>0</difficult>
		<occluded>0</occluded>
		<bndbox>
			<xmin>182</xmin>
			<xmax>212</xmax>
			<ymin>206</ymin>
			<ymax>225</ymax>
		</bndbox>
	</object>
</annotation>
