<annotation>
	<folder></folder>
	<filename>ck0l8askp96bh0794bppil14t_jpeg.rf.d00754fce81830149f3584d6ade4e481.jpg</filename>
	<path>ck0l8askp96bh0794bppil14t_jpeg.rf.d00754fce81830149f3584d6ade4e481.jpg</path>
	<source>
		<database>roboflow.ai</database>
	</source>
	<size>
		<width>640</width>
		<height>480</height>
		<depth>3</depth>
	</size>
	<segmented>0</segmented>
	<object>
		<name>smoke</name>
		<pose>Unspecified</pose>
		<truncated>0</truncated>
		<difficult>0</difficult>
		<occluded>0</occluded>
		<bndbox>
			<xmin>222</xmin>
			<xmax>257</xmax>
			<ymin>212</ymin>
			<ymax>233</ymax>
		</bndbox>
	</object>
</annotation>
