<annotation>
	<folder></folder>
	<filename>ck0lx4sqkjw920721qbehquxz_jpeg.rf.e7d42763ee20d742ec143f95cbf373cf.jpg</filename>
	<path>ck0lx4sqkjw920721qbehquxz_jpeg.rf.e7d42763ee20d742ec143f95cbf373cf.jpg</path>
	<source>
		<database>roboflow.ai</database>
	</source>
	<size>
		<width>640</width>
		<height>480</height>
		<depth>3</depth>
	</size>
	<segmented>0</segmented>
	<object>
		<name>smoke</name>
		<pose>Unspecified</pose>
		<truncated>0</truncated>
		<difficult>0</difficult>
		<occluded>0</occluded>
		<bndbox>
			<xmin>135</xmin>
			<xmax>176</xmax>
			<ymin>237</ymin>
			<ymax>288</ymax>
		</bndbox>
	</object>
</annotation>
