<annotation>
	<folder></folder>
	<filename>ck0lzyygqj00t0944qnwlwjf2_jpeg.rf.fbbbc2b4e6b9dd5b8242be555a897ed4.jpg</filename>
	<path>ck0lzyygqj00t0944qnwlwjf2_jpeg.rf.fbbbc2b4e6b9dd5b8242be555a897ed4.jpg</path>
	<source>
		<database>roboflow.ai</database>
	</source>
	<size>
		<width>640</width>
		<height>480</height>
		<depth>3</depth>
	</size>
	<segmented>0</segmented>
	<object>
		<name>smoke</name>
		<pose>Unspecified</pose>
		<truncated>0</truncated>
		<difficult>0</difficult>
		<occluded>0</occluded>
		<bndbox>
			<xmin>310</xmin>
			<xmax>425</xmax>
			<ymin>186</ymin>
			<ymax>251</ymax>
		</bndbox>
	</object>
</annotation>
