<annotation>
	<folder></folder>
	<filename>ck0lyghgkfe8a0794h5pz92p7_jpeg.rf.8615b3d2078b8c0c37bfb2aab25e15d9.jpg</filename>
	<path>ck0lyghgkfe8a0794h5pz92p7_jpeg.rf.8615b3d2078b8c0c37bfb2aab25e15d9.jpg</path>
	<source>
		<database>roboflow.ai</database>
	</source>
	<size>
		<width>640</width>
		<height>480</height>
		<depth>3</depth>
	</size>
	<segmented>0</segmented>
	<object>
		<name>smoke</name>
		<pose>Unspecified</pose>
		<truncated>0</truncated>
		<difficult>0</difficult>
		<occluded>0</occluded>
		<bndbox>
			<xmin>457</xmin>
			<xmax>546</xmax>
			<ymin>197</ymin>
			<ymax>241</ymax>
		</bndbox>
	</object>
</annotation>
