<annotation>
	<folder></folder>
	<filename>ck0lzxfw9iyx50944qfn9yxxl_jpeg.rf.8e472728888dc25f5b0fd118abdfe15d.jpg</filename>
	<path>ck0lzxfw9iyx50944qfn9yxxl_jpeg.rf.8e472728888dc25f5b0fd118abdfe15d.jpg</path>
	<source>
		<database>roboflow.ai</database>
	</source>
	<size>
		<width>640</width>
		<height>480</height>
		<depth>3</depth>
	</size>
	<segmented>0</segmented>
	<object>
		<name>smoke</name>
		<pose>Unspecified</pose>
		<truncated>0</truncated>
		<difficult>0</difficult>
		<occluded>0</occluded>
		<bndbox>
			<xmin>100</xmin>
			<xmax>416</xmax>
			<ymin>158</ymin>
			<ymax>316</ymax>
		</bndbox>
	</object>
</annotation>
