<annotation>
	<folder></folder>
	<filename>ck0lwirdeh6zk0944n5uj6q6i_jpeg.rf.beb382bc3df8be917ce1555d278bdc2a.jpg</filename>
	<path>ck0lwirdeh6zk0944n5uj6q6i_jpeg.rf.beb382bc3df8be917ce1555d278bdc2a.jpg</path>
	<source>
		<database>roboflow.ai</database>
	</source>
	<size>
		<width>640</width>
		<height>480</height>
		<depth>3</depth>
	</size>
	<segmented>0</segmented>
	<object>
		<name>smoke</name>
		<pose>Unspecified</pose>
		<truncated>0</truncated>
		<difficult>0</difficult>
		<occluded>0</occluded>
		<bndbox>
			<xmin>219</xmin>
			<xmax>529</xmax>
			<ymin>255</ymin>
			<ymax>318</ymax>
		</bndbox>
	</object>
</annotation>
