<annotation>
	<folder></folder>
	<filename>ck0l7xwvu94160794ed6vldx0_jpeg.rf.830f7a6710900b02f4c7a09e7a949c6e.jpg</filename>
	<path>ck0l7xwvu94160794ed6vldx0_jpeg.rf.830f7a6710900b02f4c7a09e7a949c6e.jpg</path>
	<source>
		<database>roboflow.ai</database>
	</source>
	<size>
		<width>640</width>
		<height>480</height>
		<depth>3</depth>
	</size>
	<segmented>0</segmented>
	<object>
		<name>smoke</name>
		<pose>Unspecified</pose>
		<truncated>0</truncated>
		<difficult>0</difficult>
		<occluded>0</occluded>
		<bndbox>
			<xmin>474</xmin>
			<xmax>618</xmax>
			<ymin>225</ymin>
			<ymax>295</ymax>
		</bndbox>
	</object>
</annotation>
