<annotation>
	<folder></folder>
	<filename>ck0lxfa6uepfr0863exlzozuc_jpeg.rf.b31cd3b0caca370b4d2a7dfb3e9fee94.jpg</filename>
	<path>ck0lxfa6uepfr0863exlzozuc_jpeg.rf.b31cd3b0caca370b4d2a7dfb3e9fee94.jpg</path>
	<source>
		<database>roboflow.ai</database>
	</source>
	<size>
		<width>640</width>
		<height>480</height>
		<depth>3</depth>
	</size>
	<segmented>0</segmented>
	<object>
		<name>smoke</name>
		<pose>Unspecified</pose>
		<truncated>0</truncated>
		<difficult>0</difficult>
		<occluded>0</occluded>
		<bndbox>
			<xmin>180</xmin>
			<xmax>216</xmax>
			<ymin>206</ymin>
			<ymax>225</ymax>
		</bndbox>
	</object>
</annotation>
