<annotation>
	<folder></folder>
	<filename>ck0l9d0tt981g0863dmttkl8h_jpeg.rf.cdc1449d65b480488a9804f446c402e7.jpg</filename>
	<path>ck0l9d0tt981g0863dmttkl8h_jpeg.rf.cdc1449d65b480488a9804f446c402e7.jpg</path>
	<source>
		<database>roboflow.ai</database>
	</source>
	<size>
		<width>640</width>
		<height>480</height>
		<depth>3</depth>
	</size>
	<segmented>0</segmented>
	<object>
		<name>smoke</name>
		<pose>Unspecified</pose>
		<truncated>0</truncated>
		<difficult>0</difficult>
		<occluded>0</occluded>
		<bndbox>
			<xmin>393</xmin>
			<xmax>467</xmax>
			<ymin>219</ymin>
			<ymax>246</ymax>
		</bndbox>
	</object>
</annotation>
