<annotation>
	<folder></folder>
	<filename>ck0l9vmuparhg0838oe20j0bd_jpeg.rf.ef939ad40b43a4c66054c5da14275db8.jpg</filename>
	<path>ck0l9vmuparhg0838oe20j0bd_jpeg.rf.ef939ad40b43a4c66054c5da14275db8.jpg</path>
	<source>
		<database>roboflow.ai</database>
	</source>
	<size>
		<width>640</width>
		<height>480</height>
		<depth>3</depth>
	</size>
	<segmented>0</segmented>
	<object>
		<name>smoke</name>
		<pose>Unspecified</pose>
		<truncated>0</truncated>
		<difficult>0</difficult>
		<occluded>0</occluded>
		<bndbox>
			<xmin>313</xmin>
			<xmax>504</xmax>
			<ymin>160</ymin>
			<ymax>254</ymax>
		</bndbox>
	</object>
</annotation>
