<annotation>
	<folder></folder>
	<filename>ck0l9xgch9grx0794i0878xu3_jpeg.rf.cf1e618e34680202cdbffa88c5dde147.jpg</filename>
	<path>ck0l9xgch9grx0794i0878xu3_jpeg.rf.cf1e618e34680202cdbffa88c5dde147.jpg</path>
	<source>
		<database>roboflow.ai</database>
	</source>
	<size>
		<width>640</width>
		<height>480</height>
		<depth>3</depth>
	</size>
	<segmented>0</segmented>
	<object>
		<name>smoke</name>
		<pose>Unspecified</pose>
		<truncated>0</truncated>
		<difficult>0</difficult>
		<occluded>0</occluded>
		<bndbox>
			<xmin>87</xmin>
			<xmax>158</xmax>
			<ymin>232</ymin>
			<ymax>266</ymax>
		</bndbox>
	</object>
</annotation>
