<annotation>
	<folder></folder>
	<filename>ck0lxcldkid0h0701q2hvnu98_jpeg.rf.e9d122974e39e352e0a7501ef768718f.jpg</filename>
	<path>ck0lxcldkid0h0701q2hvnu98_jpeg.rf.e9d122974e39e352e0a7501ef768718f.jpg</path>
	<source>
		<database>roboflow.ai</database>
	</source>
	<size>
		<width>640</width>
		<height>480</height>
		<depth>3</depth>
	</size>
	<segmented>0</segmented>
	<object>
		<name>smoke</name>
		<pose>Unspecified</pose>
		<truncated>0</truncated>
		<difficult>0</difficult>
		<occluded>0</occluded>
		<bndbox>
			<xmin>198</xmin>
			<xmax>219</xmax>
			<ymin>211</ymin>
			<ymax>231</ymax>
		</bndbox>
	</object>
</annotation>
