<annotation>
	<folder></folder>
	<filename>ck0lwh1i7ed810863a8ql1pat_jpeg.rf.a985f44b16d2c79e1092dd1788f1a996.jpg</filename>
	<path>ck0lwh1i7ed810863a8ql1pat_jpeg.rf.a985f44b16d2c79e1092dd1788f1a996.jpg</path>
	<source>
		<database>roboflow.ai</database>
	</source>
	<size>
		<width>640</width>
		<height>480</height>
		<depth>3</depth>
	</size>
	<segmented>0</segmented>
	<object>
		<name>smoke</name>
		<pose>Unspecified</pose>
		<truncated>0</truncated>
		<difficult>0</difficult>
		<occluded>0</occluded>
		<bndbox>
			<xmin>443</xmin>
			<xmax>521</xmax>
			<ymin>284</ymin>
			<ymax>318</ymax>
		</bndbox>
	</object>
</annotation>
