<annotation>
	<folder></folder>
	<filename>ck0lxgqhheq2b08638gu6tna1_jpeg.rf.a478e7551b36a9021292245c2c812166.jpg</filename>
	<path>ck0lxgqhheq2b08638gu6tna1_jpeg.rf.a478e7551b36a9021292245c2c812166.jpg</path>
	<source>
		<database>roboflow.ai</database>
	</source>
	<size>
		<width>640</width>
		<height>480</height>
		<depth>3</depth>
	</size>
	<segmented>0</segmented>
	<object>
		<name>smoke</name>
		<pose>Unspecified</pose>
		<truncated>0</truncated>
		<difficult>0</difficult>
		<occluded>0</occluded>
		<bndbox>
			<xmin>186</xmin>
			<xmax>241</xmax>
			<ymin>228</ymin>
			<ymax>293</ymax>
		</bndbox>
	</object>
</annotation>
