<annotation>
	<folder></folder>
	<filename>ck0lyf2lnhyy10944t8eb842u_jpeg.rf.ce489168cc3c9f5e7df796c885a30097.jpg</filename>
	<path>ck0lyf2lnhyy10944t8eb842u_jpeg.rf.ce489168cc3c9f5e7df796c885a30097.jpg</path>
	<source>
		<database>roboflow.ai</database>
	</source>
	<size>
		<width>640</width>
		<height>480</height>
		<depth>3</depth>
	</size>
	<segmented>0</segmented>
	<object>
		<name>smoke</name>
		<pose>Unspecified</pose>
		<truncated>0</truncated>
		<difficult>0</difficult>
		<occluded>0</occluded>
		<bndbox>
			<xmin>502</xmin>
			<xmax>606</xmax>
			<ymin>257</ymin>
			<ymax>290</ymax>
		</bndbox>
	</object>
</annotation>
