<annotation>
	<folder></folder>
	<filename>ck0lwfg8yjmbz07219irceyfl_jpeg.rf.9b5a201db64bd64de373b3b6e5cd12a4.jpg</filename>
	<path>ck0lwfg8yjmbz07219irceyfl_jpeg.rf.9b5a201db64bd64de373b3b6e5cd12a4.jpg</path>
	<source>
		<database>roboflow.ai</database>
	</source>
	<size>
		<width>640</width>
		<height>480</height>
		<depth>3</depth>
	</size>
	<segmented>0</segmented>
	<object>
		<name>smoke</name>
		<pose>Unspecified</pose>
		<truncated>0</truncated>
		<difficult>0</difficult>
		<occluded>0</occluded>
		<bndbox>
			<xmin>166</xmin>
			<xmax>606</xmax>
			<ymin>235</ymin>
			<ymax>306</ymax>
		</bndbox>
	</object>
</annotation>
