<annotation>
	<folder></folder>
	<filename>ck0lxekamu4wa0848z3xssbek_jpeg.rf.9dc2b9d0b5f9d423270c5cec27d575d3.jpg</filename>
	<path>ck0lxekamu4wa0848z3xssbek_jpeg.rf.9dc2b9d0b5f9d423270c5cec27d575d3.jpg</path>
	<source>
		<database>roboflow.ai</database>
	</source>
	<size>
		<width>640</width>
		<height>480</height>
		<depth>3</depth>
	</size>
	<segmented>0</segmented>
	<object>
		<name>smoke</name>
		<pose>Unspecified</pose>
		<truncated>0</truncated>
		<difficult>0</difficult>
		<occluded>0</occluded>
		<bndbox>
			<xmin>198</xmin>
			<xmax>213</xmax>
			<ymin>211</ymin>
			<ymax>227</ymax>
		</bndbox>
	</object>
</annotation>
