<annotation>
	<folder></folder>
	<filename>ck0m0dejchvnj08381f1xtpqs_jpeg.rf.90bdfa908276f45cb20d30ebb225c40a.jpg</filename>
	<path>ck0m0dejchvnj08381f1xtpqs_jpeg.rf.90bdfa908276f45cb20d30ebb225c40a.jpg</path>
	<source>
		<database>roboflow.ai</database>
	</source>
	<size>
		<width>640</width>
		<height>480</height>
		<depth>3</depth>
	</size>
	<segmented>0</segmented>
	<object>
		<name>smoke</name>
		<pose>Unspecified</pose>
		<truncated>0</truncated>
		<difficult>0</difficult>
		<occluded>0</occluded>
		<bndbox>
			<xmin>402</xmin>
			<xmax>458</xmax>
			<ymin>308</ymin>
			<ymax>338</ymax>
		</bndbox>
	</object>
</annotation>
