<annotation>
	<folder></folder>
	<filename>ck0m1nvd7hi5g0794ixq4uhub_jpeg.rf.e775cb83a1957693c6e0d9d7d3f95317.jpg</filename>
	<path>ck0m1nvd7hi5g0794ixq4uhub_jpeg.rf.e775cb83a1957693c6e0d9d7d3f95317.jpg</path>
	<source>
		<database>roboflow.ai</database>
	</source>
	<size>
		<width>640</width>
		<height>480</height>
		<depth>3</depth>
	</size>
	<segmented>0</segmented>
	<object>
		<name>smoke</name>
		<pose>Unspecified</pose>
		<truncated>0</truncated>
		<difficult>0</difficult>
		<occluded>0</occluded>
		<bndbox>
			<xmin>327</xmin>
			<xmax>504</xmax>
			<ymin>210</ymin>
			<ymax>252</ymax>
		</bndbox>
	</object>
</annotation>
