<annotation>
	<folder></folder>
	<filename>ck0m1m206hgy907944qxlvo5i_jpeg.rf.e496ad2cbe926d62bf0963945c209928.jpg</filename>
	<path>ck0m1m206hgy907944qxlvo5i_jpeg.rf.e496ad2cbe926d62bf0963945c209928.jpg</path>
	<source>
		<database>roboflow.ai</database>
	</source>
	<size>
		<width>640</width>
		<height>480</height>
		<depth>3</depth>
	</size>
	<segmented>0</segmented>
	<object>
		<name>smoke</name>
		<pose>Unspecified</pose>
		<truncated>0</truncated>
		<difficult>0</difficult>
		<occluded>0</occluded>
		<bndbox>
			<xmin>375</xmin>
			<xmax>523</xmax>
			<ymin>266</ymin>
			<ymax>319</ymax>
		</bndbox>
	</object>
</annotation>
