<annotation>
	<folder></folder>
	<filename>ck0m14kd9vbfd0a46f2gcpvjf_jpeg.rf.c49003cb0729e8f494413b31f42c151f.jpg</filename>
	<path>ck0m14kd9vbfd0a46f2gcpvjf_jpeg.rf.c49003cb0729e8f494413b31f42c151f.jpg</path>
	<source>
		<database>roboflow.ai</database>
	</source>
	<size>
		<width>640</width>
		<height>480</height>
		<depth>3</depth>
	</size>
	<segmented>0</segmented>
	<object>
		<name>smoke</name>
		<pose>Unspecified</pose>
		<truncated>0</truncated>
		<difficult>0</difficult>
		<occluded>0</occluded>
		<bndbox>
			<xmin>199</xmin>
			<xmax>219</xmax>
			<ymin>205</ymin>
			<ymax>226</ymax>
		</bndbox>
	</object>
</annotation>
