<annotation>
	<folder></folder>
	<filename>ck0m15mtdwdk30848aglnguy1_jpeg.rf.9fd271f87669440c9448fec8f0248336.jpg</filename>
	<path>ck0m15mtdwdk30848aglnguy1_jpeg.rf.9fd271f87669440c9448fec8f0248336.jpg</path>
	<source>
		<database>roboflow.ai</database>
	</source>
	<size>
		<width>640</width>
		<height>480</height>
		<depth>3</depth>
	</size>
	<segmented>0</segmented>
	<object>
		<name>smoke</name>
		<pose>Unspecified</pose>
		<truncated>0</truncated>
		<difficult>0</difficult>
		<occluded>0</occluded>
		<bndbox>
			<xmin>167</xmin>
			<xmax>447</xmax>
			<ymin>258</ymin>
			<ymax>292</ymax>
		</bndbox>
	</object>
</annotation>
