<annotation>
	<folder></folder>
	<filename>ck0ndfo8l6ov10701vn095htn_jpeg.rf.9b84723a9e3806a07f4ba65c1ac89861.jpg</filename>
	<path>ck0ndfo8l6ov10701vn095htn_jpeg.rf.9b84723a9e3806a07f4ba65c1ac89861.jpg</path>
	<source>
		<database>roboflow.ai</database>
	</source>
	<size>
		<width>640</width>
		<height>480</height>
		<depth>3</depth>
	</size>
	<segmented>0</segmented>
	<object>
		<name>smoke</name>
		<pose>Unspecified</pose>
		<truncated>0</truncated>
		<difficult>0</difficult>
		<occluded>0</occluded>
		<bndbox>
			<xmin>100</xmin>
			<xmax>212</xmax>
			<ymin>210</ymin>
			<ymax>269</ymax>
		</bndbox>
	</object>
</annotation>
