<annotation>
	<folder></folder>
	<filename>ck0ngmfoyjka50a46cagrxpig_jpeg.rf.b56c9e63661229064c68f3360e6c3e0c.jpg</filename>
	<path>ck0ngmfoyjka50a46cagrxpig_jpeg.rf.b56c9e63661229064c68f3360e6c3e0c.jpg</path>
	<source>
		<database>roboflow.ai</database>
	</source>
	<size>
		<width>640</width>
		<height>480</height>
		<depth>3</depth>
	</size>
	<segmented>0</segmented>
	<object>
		<name>smoke</name>
		<pose>Unspecified</pose>
		<truncated>0</truncated>
		<difficult>0</difficult>
		<occluded>0</occluded>
		<bndbox>
			<xmin>169</xmin>
			<xmax>361</xmax>
			<ymin>248</ymin>
			<ymax>285</ymax>
		</bndbox>
	</object>
</annotation>
