<annotation>
	<folder></folder>
	<filename>ck0nabl6wgb5q0a46x056c88j_jpeg.rf.7975be881984de1f7e172284326d5c4c.jpg</filename>
	<path>ck0nabl6wgb5q0a46x056c88j_jpeg.rf.7975be881984de1f7e172284326d5c4c.jpg</path>
	<source>
		<database>roboflow.ai</database>
	</source>
	<size>
		<width>640</width>
		<height>480</height>
		<depth>3</depth>
	</size>
	<segmented>0</segmented>
	<object>
		<name>smoke</name>
		<pose>Unspecified</pose>
		<truncated>0</truncated>
		<difficult>0</difficult>
		<occluded>0</occluded>
		<bndbox>
			<xmin>205</xmin>
			<xmax>219</xmax>
			<ymin>211</ymin>
			<ymax>223</ymax>
		</bndbox>
	</object>
</annotation>
