<annotation>
	<folder></folder>
	<filename>ck0ncji892we50794albpt7x4_jpeg.rf.9ff5e8dc64a0b04ce0a802bbd8e86f17.jpg</filename>
	<path>ck0ncji892we50794albpt7x4_jpeg.rf.9ff5e8dc64a0b04ce0a802bbd8e86f17.jpg</path>
	<source>
		<database>roboflow.ai</database>
	</source>
	<size>
		<width>640</width>
		<height>480</height>
		<depth>3</depth>
	</size>
	<segmented>0</segmented>
	<object>
		<name>smoke</name>
		<pose>Unspecified</pose>
		<truncated>0</truncated>
		<difficult>0</difficult>
		<occluded>0</occluded>
		<bndbox>
			<xmin>220</xmin>
			<xmax>250</xmax>
			<ymin>200</ymin>
			<ymax>236</ymax>
		</bndbox>
	</object>
</annotation>
