<annotation>
	<folder></folder>
	<filename>ck0ndgh043xns0863o9d4l0kk_jpeg.rf.ad4917ae707a577f9fef768e65029914.jpg</filename>
	<path>ck0ndgh043xns0863o9d4l0kk_jpeg.rf.ad4917ae707a577f9fef768e65029914.jpg</path>
	<source>
		<database>roboflow.ai</database>
	</source>
	<size>
		<width>640</width>
		<height>480</height>
		<depth>3</depth>
	</size>
	<segmented>0</segmented>
	<object>
		<name>smoke</name>
		<pose>Unspecified</pose>
		<truncated>0</truncated>
		<difficult>0</difficult>
		<occluded>0</occluded>
		<bndbox>
			<xmin>210</xmin>
			<xmax>299</xmax>
			<ymin>198</ymin>
			<ymax>235</ymax>
		</bndbox>
	</object>
</annotation>
