<annotation>
	<folder></folder>
	<filename>ck0neh5qnjfoh0848s35xyyj8_jpeg.rf.8ee77066e3ea2e00b914a2ca79353505.jpg</filename>
	<path>ck0neh5qnjfoh0848s35xyyj8_jpeg.rf.8ee77066e3ea2e00b914a2ca79353505.jpg</path>
	<source>
		<database>roboflow.ai</database>
	</source>
	<size>
		<width>640</width>
		<height>480</height>
		<depth>3</depth>
	</size>
	<segmented>0</segmented>
	<object>
		<name>smoke</name>
		<pose>Unspecified</pose>
		<truncated>0</truncated>
		<difficult>0</difficult>
		<occluded>0</occluded>
		<bndbox>
			<xmin>121</xmin>
			<xmax>174</xmax>
			<ymin>199</ymin>
			<ymax>282</ymax>
		</bndbox>
	</object>
</annotation>
