<annotation>
	<folder></folder>
	<filename>ck0nfpjig5u9z0838mgcq82oz_jpeg.rf.78af90cc8dcf3cde57438b0e2b576240.jpg</filename>
	<path>ck0nfpjig5u9z0838mgcq82oz_jpeg.rf.78af90cc8dcf3cde57438b0e2b576240.jpg</path>
	<source>
		<database>roboflow.ai</database>
	</source>
	<size>
		<width>640</width>
		<height>480</height>
		<depth>3</depth>
	</size>
	<segmented>0</segmented>
	<object>
		<name>smoke</name>
		<pose>Unspecified</pose>
		<truncated>0</truncated>
		<difficult>0</difficult>
		<occluded>0</occluded>
		<bndbox>
			<xmin>500</xmin>
			<xmax>637</xmax>
			<ymin>250</ymin>
			<ymax>294</ymax>
		</bndbox>
	</object>
</annotation>
