<annotation>
	<folder></folder>
	<filename>ck0na66fi7cky0721kx2rj68t_jpeg.rf.f0e6702bd324dc61cf4f31478c6b2603.jpg</filename>
	<path>ck0na66fi7cky0721kx2rj68t_jpeg.rf.f0e6702bd324dc61cf4f31478c6b2603.jpg</path>
	<source>
		<database>roboflow.ai</database>
	</source>
	<size>
		<width>640</width>
		<height>480</height>
		<depth>3</depth>
	</size>
	<segmented>0</segmented>
	<object>
		<name>smoke</name>
		<pose>Unspecified</pose>
		<truncated>0</truncated>
		<difficult>0</difficult>
		<occluded>0</occluded>
		<bndbox>
			<xmin>376</xmin>
			<xmax>463</xmax>
			<ymin>297</ymin>
			<ymax>338</ymax>
		</bndbox>
	</object>
</annotation>
