<annotation>
	<folder></folder>
	<filename>ck0negpok9ao50721aw0ozvpl_jpeg.rf.a38e1ae1ffb81f88c8e7b13052a3e043.jpg</filename>
	<path>ck0negpok9ao50721aw0ozvpl_jpeg.rf.a38e1ae1ffb81f88c8e7b13052a3e043.jpg</path>
	<source>
		<database>roboflow.ai</database>
	</source>
	<size>
		<width>640</width>
		<height>480</height>
		<depth>3</depth>
	</size>
	<segmented>0</segmented>
	<object>
		<name>smoke</name>
		<pose>Unspecified</pose>
		<truncated>0</truncated>
		<difficult>0</difficult>
		<occluded>0</occluded>
		<bndbox>
			<xmin>500</xmin>
			<xmax>548</xmax>
			<ymin>210</ymin>
			<ymax>246</ymax>
		</bndbox>
	</object>
</annotation>
