<annotation>
	<folder></folder>
	<filename>ck0ng4fa263vn083809qkbt4y_jpeg.rf.d577c7aecd3d674eac02e89ae4f5ce2f.jpg</filename>
	<path>ck0ng4fa263vn083809qkbt4y_jpeg.rf.d577c7aecd3d674eac02e89ae4f5ce2f.jpg</path>
	<source>
		<database>roboflow.ai</database>
	</source>
	<size>
		<width>640</width>
		<height>480</height>
		<depth>3</depth>
	</size>
	<segmented>0</segmented>
	<object>
		<name>smoke</name>
		<pose>Unspecified</pose>
		<truncated>0</truncated>
		<difficult>0</difficult>
		<occluded>0</occluded>
		<bndbox>
			<xmin>184</xmin>
			<xmax>310</xmax>
			<ymin>200</ymin>
			<ymax>235</ymax>
		</bndbox>
	</object>
</annotation>
