<annotation>
	<folder></folder>
	<filename>ck0ncye0iiouc0848ostst7bq_jpeg.rf.be5d0f452dbe6f8a417b9dffc48b71ed.jpg</filename>
	<path>ck0ncye0iiouc0848ostst7bq_jpeg.rf.be5d0f452dbe6f8a417b9dffc48b71ed.jpg</path>
	<source>
		<database>roboflow.ai</database>
	</source>
	<size>
		<width>640</width>
		<height>480</height>
		<depth>3</depth>
	</size>
	<segmented>0</segmented>
	<object>
		<name>smoke</name>
		<pose>Unspecified</pose>
		<truncated>0</truncated>
		<difficult>0</difficult>
		<occluded>0</occluded>
		<bndbox>
			<xmin>326</xmin>
			<xmax>420</xmax>
			<ymin>223</ymin>
			<ymax>253</ymax>
		</bndbox>
	</object>
</annotation>
