<annotation>
	<folder></folder>
	<filename>ck0nf53eo78rg0944btmudhsc_jpeg.rf.7761bf0c5f266292eb35a0b1c51783eb.jpg</filename>
	<path>ck0nf53eo78rg0944btmudhsc_jpeg.rf.7761bf0c5f266292eb35a0b1c51783eb.jpg</path>
	<source>
		<database>roboflow.ai</database>
	</source>
	<size>
		<width>640</width>
		<height>480</height>
		<depth>3</depth>
	</size>
	<segmented>0</segmented>
	<object>
		<name>smoke</name>
		<pose>Unspecified</pose>
		<truncated>0</truncated>
		<difficult>0</difficult>
		<occluded>0</occluded>
		<bndbox>
			<xmin>167</xmin>
			<xmax>209</xmax>
			<ymin>257</ymin>
			<ymax>280</ymax>
		</bndbox>
	</object>
</annotation>
