<annotation>
	<folder></folder>
	<filename>ck0nfuci585lm0701jw9i5zhj_jpeg.rf.780ea7d50c01236a2a9d4d03eda1d8ce.jpg</filename>
	<path>ck0nfuci585lm0701jw9i5zhj_jpeg.rf.780ea7d50c01236a2a9d4d03eda1d8ce.jpg</path>
	<source>
		<database>roboflow.ai</database>
	</source>
	<size>
		<width>640</width>
		<height>480</height>
		<depth>3</depth>
	</size>
	<segmented>0</segmented>
	<object>
		<name>smoke</name>
		<pose>Unspecified</pose>
		<truncated>0</truncated>
		<difficult>0</difficult>
		<occluded>0</occluded>
		<bndbox>
			<xmin>257</xmin>
			<xmax>424</xmax>
			<ymin>223</ymin>
			<ymax>311</ymax>
		</bndbox>
	</object>
</annotation>
