<annotation>
	<folder></folder>
	<filename>ck0ndoj9r8u8w07216trgrwuz_jpeg.rf.b43b5ab2970d7b610b7ec6ad50ae1e51.jpg</filename>
	<path>ck0ndoj9r8u8w07216trgrwuz_jpeg.rf.b43b5ab2970d7b610b7ec6ad50ae1e51.jpg</path>
	<source>
		<database>roboflow.ai</database>
	</source>
	<size>
		<width>640</width>
		<height>480</height>
		<depth>3</depth>
	</size>
	<segmented>0</segmented>
	<object>
		<name>smoke</name>
		<pose>Unspecified</pose>
		<truncated>0</truncated>
		<difficult>0</difficult>
		<occluded>0</occluded>
		<bndbox>
			<xmin>473</xmin>
			<xmax>615</xmax>
			<ymin>209</ymin>
			<ymax>288</ymax>
		</bndbox>
	</object>
</annotation>
