<annotation>
	<folder></folder>
	<filename>ck0ng5zyb5lrz086320xihwm8_jpeg.rf.feb1d8a9088cbddc422d12bb51629620.jpg</filename>
	<path>ck0ng5zyb5lrz086320xihwm8_jpeg.rf.feb1d8a9088cbddc422d12bb51629620.jpg</path>
	<source>
		<database>roboflow.ai</database>
	</source>
	<size>
		<width>640</width>
		<height>480</height>
		<depth>3</depth>
	</size>
	<segmented>0</segmented>
	<object>
		<name>smoke</name>
		<pose>Unspecified</pose>
		<truncated>0</truncated>
		<difficult>0</difficult>
		<occluded>0</occluded>
		<bndbox>
			<xmin>151</xmin>
			<xmax>212</xmax>
			<ymin>204</ymin>
			<ymax>232</ymax>
		</bndbox>
	</object>
</annotation>
