<annotation>
	<folder></folder>
	<filename>ck0ng3zz98boz07013zyds00f_jpeg.rf.e40e57c921769f8371a0310f39e796d5.jpg</filename>
	<path>ck0ng3zz98boz07013zyds00f_jpeg.rf.e40e57c921769f8371a0310f39e796d5.jpg</path>
	<source>
		<database>roboflow.ai</database>
	</source>
	<size>
		<width>640</width>
		<height>480</height>
		<depth>3</depth>
	</size>
	<segmented>0</segmented>
	<object>
		<name>smoke</name>
		<pose>Unspecified</pose>
		<truncated>0</truncated>
		<difficult>0</difficult>
		<occluded>0</occluded>
		<bndbox>
			<xmin>99</xmin>
			<xmax>351</xmax>
			<ymin>206</ymin>
			<ymax>268</ymax>
		</bndbox>
	</object>
</annotation>
