<annotation>
	<folder></folder>
	<filename>ck0ngm4b3jk5e0a46nplsw4xb_jpeg.rf.a8bb6e7e544239d9fa85ac701cae37d1.jpg</filename>
	<path>ck0ngm4b3jk5e0a46nplsw4xb_jpeg.rf.a8bb6e7e544239d9fa85ac701cae37d1.jpg</path>
	<source>
		<database>roboflow.ai</database>
	</source>
	<size>
		<width>640</width>
		<height>480</height>
		<depth>3</depth>
	</size>
	<segmented>0</segmented>
	<object>
		<name>smoke</name>
		<pose>Unspecified</pose>
		<truncated>0</truncated>
		<difficult>0</difficult>
		<occluded>0</occluded>
		<bndbox>
			<xmin>187</xmin>
			<xmax>217</xmax>
			<ymin>206</ymin>
			<ymax>225</ymax>
		</bndbox>
	</object>
</annotation>
