<annotation>
	<folder></folder>
	<filename>ck0na5s461w2n0794ifd5c5cs_jpeg.rf.fa60c06a0da1f8d35af461f44eb7b995.jpg</filename>
	<path>ck0na5s461w2n0794ifd5c5cs_jpeg.rf.fa60c06a0da1f8d35af461f44eb7b995.jpg</path>
	<source>
		<database>roboflow.ai</database>
	</source>
	<size>
		<width>640</width>
		<height>480</height>
		<depth>3</depth>
	</size>
	<segmented>0</segmented>
	<object>
		<name>smoke</name>
		<pose>Unspecified</pose>
		<truncated>0</truncated>
		<difficult>0</difficult>
		<occluded>0</occluded>
		<bndbox>
			<xmin>310</xmin>
			<xmax>594</xmax>
			<ymin>141</ymin>
			<ymax>261</ymax>
		</bndbox>
	</object>
</annotation>
