<annotation>
	<folder></folder>
	<filename>ck0ndwu8pj3180848zonjasmz_jpeg.rf.cf341dfba711fbaa425f7b0e8c5e456a.jpg</filename>
	<path>ck0ndwu8pj3180848zonjasmz_jpeg.rf.cf341dfba711fbaa425f7b0e8c5e456a.jpg</path>
	<source>
		<database>roboflow.ai</database>
	</source>
	<size>
		<width>640</width>
		<height>480</height>
		<depth>3</depth>
	</size>
	<segmented>0</segmented>
	<object>
		<name>smoke</name>
		<pose>Unspecified</pose>
		<truncated>0</truncated>
		<difficult>0</difficult>
		<occluded>0</occluded>
		<bndbox>
			<xmin>5</xmin>
			<xmax>151</xmax>
			<ymin>146</ymin>
			<ymax>336</ymax>
		</bndbox>
	</object>
</annotation>
