<annotation>
	<folder></folder>
	<filename>ck0ncwdaxhgtf0a46wezybiq2_jpeg.rf.e1fafb3aba0497f4c834a16883672701.jpg</filename>
	<path>ck0ncwdaxhgtf0a46wezybiq2_jpeg.rf.e1fafb3aba0497f4c834a16883672701.jpg</path>
	<source>
		<database>roboflow.ai</database>
	</source>
	<size>
		<width>640</width>
		<height>480</height>
		<depth>3</depth>
	</size>
	<segmented>0</segmented>
	<object>
		<name>smoke</name>
		<pose>Unspecified</pose>
		<truncated>0</truncated>
		<difficult>0</difficult>
		<occluded>0</occluded>
		<bndbox>
			<xmin>499</xmin>
			<xmax>636</xmax>
			<ymin>252</ymin>
			<ymax>292</ymax>
		</bndbox>
	</object>
</annotation>
