<annotation>
	<folder></folder>
	<filename>ck0nett9672gj0944feegfre7_jpeg.rf.867d54429e883f2896c934fd8ae99668.jpg</filename>
	<path>ck0nett9672gj0944feegfre7_jpeg.rf.867d54429e883f2896c934fd8ae99668.jpg</path>
	<source>
		<database>roboflow.ai</database>
	</source>
	<size>
		<width>640</width>
		<height>480</height>
		<depth>3</depth>
	</size>
	<segmented>0</segmented>
	<object>
		<name>smoke</name>
		<pose>Unspecified</pose>
		<truncated>0</truncated>
		<difficult>0</difficult>
		<occluded>0</occluded>
		<bndbox>
			<xmin>440</xmin>
			<xmax>568</xmax>
			<ymin>233</ymin>
			<ymax>252</ymax>
		</bndbox>
	</object>
</annotation>
