<annotation>
	<folder></folder>
	<filename>ck0oukw23toun0944nstsyx8g_jpeg.rf.725c1e40188ada6da183777c91520dbd.jpg</filename>
	<path>ck0oukw23toun0944nstsyx8g_jpeg.rf.725c1e40188ada6da183777c91520dbd.jpg</path>
	<source>
		<database>roboflow.ai</database>
	</source>
	<size>
		<width>640</width>
		<height>480</height>
		<depth>3</depth>
	</size>
	<segmented>0</segmented>
	<object>
		<name>smoke</name>
		<pose>Unspecified</pose>
		<truncated>0</truncated>
		<difficult>0</difficult>
		<occluded>0</occluded>
		<bndbox>
			<xmin>40</xmin>
			<xmax>179</xmax>
			<ymin>279</ymin>
			<ymax>330</ymax>
		</bndbox>
	</object>
</annotation>
