<annotation>
	<folder></folder>
	<filename>ck0ounp7qrrb80863c0xidr4j_jpeg.rf.fdcd05e62f85264689f32990913feadb.jpg</filename>
	<path>ck0ounp7qrrb80863c0xidr4j_jpeg.rf.fdcd05e62f85264689f32990913feadb.jpg</path>
	<source>
		<database>roboflow.ai</database>
	</source>
	<size>
		<width>640</width>
		<height>480</height>
		<depth>3</depth>
	</size>
	<segmented>0</segmented>
	<object>
		<name>smoke</name>
		<pose>Unspecified</pose>
		<truncated>0</truncated>
		<difficult>0</difficult>
		<occluded>0</occluded>
		<bndbox>
			<xmin>407</xmin>
			<xmax>555</xmax>
			<ymin>192</ymin>
			<ymax>244</ymax>
		</bndbox>
	</object>
</annotation>
