<annotation>
	<folder></folder>
	<filename>ck0ounuswsms108388flcbazi_jpeg.rf.a9f4e239c0f708a7ce7c767d7e968f61.jpg</filename>
	<path>ck0ounuswsms108388flcbazi_jpeg.rf.a9f4e239c0f708a7ce7c767d7e968f61.jpg</path>
	<source>
		<database>roboflow.ai</database>
	</source>
	<size>
		<width>640</width>
		<height>480</height>
		<depth>3</depth>
	</size>
	<segmented>0</segmented>
	<object>
		<name>smoke</name>
		<pose>Unspecified</pose>
		<truncated>0</truncated>
		<difficult>0</difficult>
		<occluded>0</occluded>
		<bndbox>
			<xmin>124</xmin>
			<xmax>178</xmax>
			<ymin>191</ymin>
			<ymax>286</ymax>
		</bndbox>
	</object>
</annotation>
