<annotation>
	<folder></folder>
	<filename>ck0oulyr8sldl0838tkv3hqk8_jpeg.rf.f3ac94ace79c957d33904e37a086349a.jpg</filename>
	<path>ck0oulyr8sldl0838tkv3hqk8_jpeg.rf.f3ac94ace79c957d33904e37a086349a.jpg</path>
	<source>
		<database>roboflow.ai</database>
	</source>
	<size>
		<width>640</width>
		<height>480</height>
		<depth>3</depth>
	</size>
	<segmented>0</segmented>
	<object>
		<name>smoke</name>
		<pose>Unspecified</pose>
		<truncated>0</truncated>
		<difficult>0</difficult>
		<occluded>0</occluded>
		<bndbox>
			<xmin>326</xmin>
			<xmax>524</xmax>
			<ymin>268</ymin>
			<ymax>318</ymax>
		</bndbox>
	</object>
</annotation>
