<annotation>
	<folder></folder>
	<filename>ck0ovtzvntedo08385kjpyx6a_jpeg.rf.e7f852447532daeefb963845a94e1f5b.jpg</filename>
	<path>ck0ovtzvntedo08385kjpyx6a_jpeg.rf.e7f852447532daeefb963845a94e1f5b.jpg</path>
	<source>
		<database>roboflow.ai</database>
	</source>
	<size>
		<width>640</width>
		<height>480</height>
		<depth>3</depth>
	</size>
	<segmented>0</segmented>
	<object>
		<name>smoke</name>
		<pose>Unspecified</pose>
		<truncated>0</truncated>
		<difficult>0</difficult>
		<occluded>0</occluded>
		<bndbox>
			<xmin>281</xmin>
			<xmax>310</xmax>
			<ymin>214</ymin>
			<ymax>239</ymax>
		</bndbox>
	</object>
</annotation>
