<annotation>
	<folder></folder>
	<filename>ck0qb8cz6tfnt0848glf38bpe_jpeg.rf.b27022571ef7b9a910830eeffde9bd30.jpg</filename>
	<path>ck0qb8cz6tfnt0848glf38bpe_jpeg.rf.b27022571ef7b9a910830eeffde9bd30.jpg</path>
	<source>
		<database>roboflow.ai</database>
	</source>
	<size>
		<width>640</width>
		<height>480</height>
		<depth>3</depth>
	</size>
	<segmented>0</segmented>
	<object>
		<name>smoke</name>
		<pose>Unspecified</pose>
		<truncated>0</truncated>
		<difficult>0</difficult>
		<occluded>0</occluded>
		<bndbox>
			<xmin>187</xmin>
			<xmax>209</xmax>
			<ymin>209</ymin>
			<ymax>223</ymax>
		</bndbox>
	</object>
</annotation>
