<annotation>
	<folder></folder>
	<filename>ck0qc7xskeu3r07948qg5ycne_jpeg.rf.a37fcfa48611702445cc9601afdba946.jpg</filename>
	<path>ck0qc7xskeu3r07948qg5ycne_jpeg.rf.a37fcfa48611702445cc9601afdba946.jpg</path>
	<source>
		<database>roboflow.ai</database>
	</source>
	<size>
		<width>640</width>
		<height>480</height>
		<depth>3</depth>
	</size>
	<segmented>0</segmented>
	<object>
		<name>smoke</name>
		<pose>Unspecified</pose>
		<truncated>0</truncated>
		<difficult>0</difficult>
		<occluded>0</occluded>
		<bndbox>
			<xmin>175</xmin>
			<xmax>211</xmax>
			<ymin>209</ymin>
			<ymax>223</ymax>
		</bndbox>
	</object>
</annotation>
