<annotation>
	<folder></folder>
	<filename>ck0qbn4c2to820848neklprj5_jpeg.rf.edbf13d246dafcace687af99558821c9.jpg</filename>
	<path>ck0qbn4c2to820848neklprj5_jpeg.rf.edbf13d246dafcace687af99558821c9.jpg</path>
	<source>
		<database>roboflow.ai</database>
	</source>
	<size>
		<width>640</width>
		<height>480</height>
		<depth>3</depth>
	</size>
	<segmented>0</segmented>
	<object>
		<name>smoke</name>
		<pose>Unspecified</pose>
		<truncated>0</truncated>
		<difficult>0</difficult>
		<occluded>0</occluded>
		<bndbox>
			<xmin>484</xmin>
			<xmax>517</xmax>
			<ymin>206</ymin>
			<ymax>228</ymax>
		</bndbox>
	</object>
</annotation>
