<annotation>
	<folder></folder>
	<filename>ck0qbedgvf3qu08637yvo02cq_jpeg.rf.ebc6cb1fe15faeeb074bbef5df3a5ec8.jpg</filename>
	<path>ck0qbedgvf3qu08637yvo02cq_jpeg.rf.ebc6cb1fe15faeeb074bbef5df3a5ec8.jpg</path>
	<source>
		<database>roboflow.ai</database>
	</source>
	<size>
		<width>640</width>
		<height>480</height>
		<depth>3</depth>
	</size>
	<segmented>0</segmented>
	<object>
		<name>smoke</name>
		<pose>Unspecified</pose>
		<truncated>0</truncated>
		<difficult>0</difficult>
		<occluded>0</occluded>
		<bndbox>
			<xmin>499</xmin>
			<xmax>616</xmax>
			<ymin>258</ymin>
			<ymax>291</ymax>
		</bndbox>
	</object>
</annotation>
