<annotation>
	<folder></folder>
	<filename>ck0qdf4hwkrzf0721pwn991sv_jpeg.rf.b361b52c1172c6504c67b4f19f9fc544.jpg</filename>
	<path>ck0qdf4hwkrzf0721pwn991sv_jpeg.rf.b361b52c1172c6504c67b4f19f9fc544.jpg</path>
	<source>
		<database>roboflow.ai</database>
	</source>
	<size>
		<width>640</width>
		<height>480</height>
		<depth>3</depth>
	</size>
	<segmented>0</segmented>
	<object>
		<name>smoke</name>
		<pose>Unspecified</pose>
		<truncated>0</truncated>
		<difficult>0</difficult>
		<occluded>0</occluded>
		<bndbox>
			<xmin>315</xmin>
			<xmax>499</xmax>
			<ymin>83</ymin>
			<ymax>262</ymax>
		</bndbox>
	</object>
</annotation>
