<annotation>
	<folder></folder>
	<filename>ck0qba5yvh45x0944qw0oaamw_jpeg.rf.d548f788d81a572f39907164ea6c1bba.jpg</filename>
	<path>ck0qba5yvh45x0944qw0oaamw_jpeg.rf.d548f788d81a572f39907164ea6c1bba.jpg</path>
	<source>
		<database>roboflow.ai</database>
	</source>
	<size>
		<width>640</width>
		<height>480</height>
		<depth>3</depth>
	</size>
	<segmented>0</segmented>
	<object>
		<name>smoke</name>
		<pose>Unspecified</pose>
		<truncated>0</truncated>
		<difficult>0</difficult>
		<occluded>0</occluded>
		<bndbox>
			<xmin>81</xmin>
			<xmax>278</xmax>
			<ymin>235</ymin>
			<ymax>290</ymax>
		</bndbox>
	</object>
</annotation>
