<annotation>
	<folder></folder>
	<filename>ck0qb9do2fwc708385reizk6h_jpeg.rf.8353ce140548c4b5d4ab719c8245c229.jpg</filename>
	<path>ck0qb9do2fwc708385reizk6h_jpeg.rf.8353ce140548c4b5d4ab719c8245c229.jpg</path>
	<source>
		<database>roboflow.ai</database>
	</source>
	<size>
		<width>640</width>
		<height>480</height>
		<depth>3</depth>
	</size>
	<segmented>0</segmented>
	<object>
		<name>smoke</name>
		<pose>Unspecified</pose>
		<truncated>0</truncated>
		<difficult>0</difficult>
		<occluded>0</occluded>
		<bndbox>
			<xmin>185</xmin>
			<xmax>223</xmax>
			<ymin>260</ymin>
			<ymax>291</ymax>
		</bndbox>
	</object>
</annotation>
