<annotation>
	<folder></folder>
	<filename>ck0qbnvn6hk6w0701x0mcjvq8_jpeg.rf.dae439c3ddfdef76b1c1e360c545aac1.jpg</filename>
	<path>ck0qbnvn6hk6w0701x0mcjvq8_jpeg.rf.dae439c3ddfdef76b1c1e360c545aac1.jpg</path>
	<source>
		<database>roboflow.ai</database>
	</source>
	<size>
		<width>640</width>
		<height>480</height>
		<depth>3</depth>
	</size>
	<segmented>0</segmented>
	<object>
		<name>smoke</name>
		<pose>Unspecified</pose>
		<truncated>0</truncated>
		<difficult>0</difficult>
		<occluded>0</occluded>
		<bndbox>
			<xmin>126</xmin>
			<xmax>194</xmax>
			<ymin>179</ymin>
			<ymax>316</ymax>
		</bndbox>
	</object>
</annotation>
