<annotation>
	<folder></folder>
	<filename>ck0qc7df7fjr30863hqmtj5i3_jpeg.rf.bb9c7f696d4c4186a11148ad463aa2f5.jpg</filename>
	<path>ck0qc7df7fjr30863hqmtj5i3_jpeg.rf.bb9c7f696d4c4186a11148ad463aa2f5.jpg</path>
	<source>
		<database>roboflow.ai</database>
	</source>
	<size>
		<width>640</width>
		<height>480</height>
		<depth>3</depth>
	</size>
	<segmented>0</segmented>
	<object>
		<name>smoke</name>
		<pose>Unspecified</pose>
		<truncated>0</truncated>
		<difficult>0</difficult>
		<occluded>0</occluded>
		<bndbox>
			<xmin>185</xmin>
			<xmax>214</xmax>
			<ymin>206</ymin>
			<ymax>223</ymax>
		</bndbox>
	</object>
</annotation>
