<annotation>
	<folder></folder>
	<filename>ck0qbakbhjoyy0721qw4fut6n_jpeg.rf.86688323b760bc89ab6a94169de5910e.jpg</filename>
	<path>ck0qbakbhjoyy0721qw4fut6n_jpeg.rf.86688323b760bc89ab6a94169de5910e.jpg</path>
	<source>
		<database>roboflow.ai</database>
	</source>
	<size>
		<width>640</width>
		<height>480</height>
		<depth>3</depth>
	</size>
	<segmented>0</segmented>
	<object>
		<name>smoke</name>
		<pose>Unspecified</pose>
		<truncated>0</truncated>
		<difficult>0</difficult>
		<occluded>0</occluded>
		<bndbox>
			<xmin>500</xmin>
			<xmax>638</xmax>
			<ymin>250</ymin>
			<ymax>291</ymax>
		</bndbox>
	</object>
</annotation>
