<annotation>
	<folder></folder>
	<filename>ck0rpg5vz5vk20944kk0yhjy5_jpeg.rf.b492365ac3b96ced581dec7e1520b8b8.jpg</filename>
	<path>ck0rpg5vz5vk20944kk0yhjy5_jpeg.rf.b492365ac3b96ced581dec7e1520b8b8.jpg</path>
	<source>
		<database>roboflow.ai</database>
	</source>
	<size>
		<width>640</width>
		<height>480</height>
		<depth>3</depth>
	</size>
	<segmented>0</segmented>
	<object>
		<name>smoke</name>
		<pose>Unspecified</pose>
		<truncated>0</truncated>
		<difficult>0</difficult>
		<occluded>0</occluded>
		<bndbox>
			<xmin>386</xmin>
			<xmax>435</xmax>
			<ymin>220</ymin>
			<ymax>248</ymax>
		</bndbox>
	</object>
</annotation>
