<annotation>
	<folder></folder>
	<filename>ck0rpemia2zhr0794cdnvuzck_jpeg.rf.ed929ea4f567b42d1bc217371c742329.jpg</filename>
	<path>ck0rpemia2zhr0794cdnvuzck_jpeg.rf.ed929ea4f567b42d1bc217371c742329.jpg</path>
	<source>
		<database>roboflow.ai</database>
	</source>
	<size>
		<width>640</width>
		<height>480</height>
		<depth>3</depth>
	</size>
	<segmented>0</segmented>
	<object>
		<name>smoke</name>
		<pose>Unspecified</pose>
		<truncated>0</truncated>
		<difficult>0</difficult>
		<occluded>0</occluded>
		<bndbox>
			<xmin>326</xmin>
			<xmax>485</xmax>
			<ymin>202</ymin>
			<ymax>257</ymax>
		</bndbox>
	</object>
</annotation>
