<annotation>
	<folder></folder>
	<filename>ck0rpaam92wcd0794b9wy12ks_jpeg.rf.ac541642eb5d4b002e19dbb0049e8273.jpg</filename>
	<path>ck0rpaam92wcd0794b9wy12ks_jpeg.rf.ac541642eb5d4b002e19dbb0049e8273.jpg</path>
	<source>
		<database>roboflow.ai</database>
	</source>
	<size>
		<width>640</width>
		<height>480</height>
		<depth>3</depth>
	</size>
	<segmented>0</segmented>
	<object>
		<name>smoke</name>
		<pose>Unspecified</pose>
		<truncated>0</truncated>
		<difficult>0</difficult>
		<occluded>0</occluded>
		<bndbox>
			<xmin>2</xmin>
			<xmax>176</xmax>
			<ymin>28</ymin>
			<ymax>324</ymax>
		</bndbox>
	</object>
</annotation>
