<annotation>
	<folder></folder>
	<filename>ck0rqph585aki0838q1hxpf6k_jpeg.rf.cf14cc4db9c987427a392c960f1c779a.jpg</filename>
	<path>ck0rqph585aki0838q1hxpf6k_jpeg.rf.cf14cc4db9c987427a392c960f1c779a.jpg</path>
	<source>
		<database>roboflow.ai</database>
	</source>
	<size>
		<width>640</width>
		<height>480</height>
		<depth>3</depth>
	</size>
	<segmented>0</segmented>
	<object>
		<name>smoke</name>
		<pose>Unspecified</pose>
		<truncated>0</truncated>
		<difficult>0</difficult>
		<occluded>0</occluded>
		<bndbox>
			<xmin>348</xmin>
			<xmax>528</xmax>
			<ymin>271</ymin>
			<ymax>320</ymax>
		</bndbox>
	</object>
</annotation>
