<annotation>
	<folder></folder>
	<filename>ck0rpe8ja3z6m0863q1narygs_jpeg.rf.751b9497645f516d0e98cd415c7fad51.jpg</filename>
	<path>ck0rpe8ja3z6m0863q1narygs_jpeg.rf.751b9497645f516d0e98cd415c7fad51.jpg</path>
	<source>
		<database>roboflow.ai</database>
	</source>
	<size>
		<width>640</width>
		<height>480</height>
		<depth>3</depth>
	</size>
	<segmented>0</segmented>
	<object>
		<name>smoke</name>
		<pose>Unspecified</pose>
		<truncated>0</truncated>
		<difficult>0</difficult>
		<occluded>0</occluded>
		<bndbox>
			<xmin>498</xmin>
			<xmax>637</xmax>
			<ymin>246</ymin>
			<ymax>288</ymax>
		</bndbox>
	</object>
</annotation>
