<annotation>
	<folder></folder>
	<filename>ck0rr7nhf6w970944cb2nnlih_jpeg.rf.fad95509baaee973c9d5a6db10c3f314.jpg</filename>
	<path>ck0rr7nhf6w970944cb2nnlih_jpeg.rf.fad95509baaee973c9d5a6db10c3f314.jpg</path>
	<source>
		<database>roboflow.ai</database>
	</source>
	<size>
		<width>640</width>
		<height>480</height>
		<depth>3</depth>
	</size>
	<segmented>0</segmented>
	<object>
		<name>smoke</name>
		<pose>Unspecified</pose>
		<truncated>0</truncated>
		<difficult>0</difficult>
		<occluded>0</occluded>
		<bndbox>
			<xmin>541</xmin>
			<xmax>619</xmax>
			<ymin>216</ymin>
			<ymax>288</ymax>
		</bndbox>
	</object>
</annotation>
