<annotation>
	<folder></folder>
	<filename>ck0rqlgco58j50838724x6rym_jpeg.rf.b5b8263fb657e6a09f94583c21fc28ea.jpg</filename>
	<path>ck0rqlgco58j50838724x6rym_jpeg.rf.b5b8263fb657e6a09f94583c21fc28ea.jpg</path>
	<source>
		<database>roboflow.ai</database>
	</source>
	<size>
		<width>640</width>
		<height>480</height>
		<depth>3</depth>
	</size>
	<segmented>0</segmented>
	<object>
		<name>smoke</name>
		<pose>Unspecified</pose>
		<truncated>0</truncated>
		<difficult>0</difficult>
		<occluded>0</occluded>
		<bndbox>
			<xmin>256</xmin>
			<xmax>524</xmax>
			<ymin>257</ymin>
			<ymax>319</ymax>
		</bndbox>
	</object>
</annotation>
