<annotation>
	<folder></folder>
	<filename>ck0rrpwlvj04d0a46r4th0cjf_jpeg.rf.ae43d5efbbcc58b183c5ed045605b4c6.jpg</filename>
	<path>ck0rrpwlvj04d0a46r4th0cjf_jpeg.rf.ae43d5efbbcc58b183c5ed045605b4c6.jpg</path>
	<source>
		<database>roboflow.ai</database>
	</source>
	<size>
		<width>640</width>
		<height>480</height>
		<depth>3</depth>
	</size>
	<segmented>0</segmented>
	<object>
		<name>smoke</name>
		<pose>Unspecified</pose>
		<truncated>0</truncated>
		<difficult>0</difficult>
		<occluded>0</occluded>
		<bndbox>
			<xmin>223</xmin>
			<xmax>256</xmax>
			<ymin>216</ymin>
			<ymax>238</ymax>
		</bndbox>
	</object>
</annotation>
