<annotation>
	<folder></folder>
	<filename>ck0rp9iochje10a46pq920puz_jpeg.rf.b57dbfcab2e3f4b15b88f1895a440510.jpg</filename>
	<path>ck0rp9iochje10a46pq920puz_jpeg.rf.b57dbfcab2e3f4b15b88f1895a440510.jpg</path>
	<source>
		<database>roboflow.ai</database>
	</source>
	<size>
		<width>640</width>
		<height>480</height>
		<depth>3</depth>
	</size>
	<segmented>0</segmented>
	<object>
		<name>smoke</name>
		<pose>Unspecified</pose>
		<truncated>0</truncated>
		<difficult>0</difficult>
		<occluded>0</occluded>
		<bndbox>
			<xmin>4</xmin>
			<xmax>163</xmax>
			<ymin>254</ymin>
			<ymax>325</ymax>
		</bndbox>
	</object>
</annotation>
