<annotation>
	<folder></folder>
	<filename>ck0rpixgt5x8l0944oojfpa2o_jpeg.rf.6c2183ba04dd7ec031b4d6c922aaf16c.jpg</filename>
	<path>ck0rpixgt5x8l0944oojfpa2o_jpeg.rf.6c2183ba04dd7ec031b4d6c922aaf16c.jpg</path>
	<source>
		<database>roboflow.ai</database>
	</source>
	<size>
		<width>640</width>
		<height>480</height>
		<depth>3</depth>
	</size>
	<segmented>0</segmented>
	<object>
		<name>smoke</name>
		<pose>Unspecified</pose>
		<truncated>0</truncated>
		<difficult>0</difficult>
		<occluded>0</occluded>
		<bndbox>
			<xmin>501</xmin>
			<xmax>636</xmax>
			<ymin>193</ymin>
			<ymax>254</ymax>
		</bndbox>
	</object>
</annotation>
