<annotation>
	<folder></folder>
	<filename>ck0rqkoz2587n08387o17rv73_jpeg.rf.dac0a1efdb35bccefe81abe469913116.jpg</filename>
	<path>ck0rqkoz2587n08387o17rv73_jpeg.rf.dac0a1efdb35bccefe81abe469913116.jpg</path>
	<source>
		<database>roboflow.ai</database>
	</source>
	<size>
		<width>640</width>
		<height>480</height>
		<depth>3</depth>
	</size>
	<segmented>0</segmented>
	<object>
		<name>smoke</name>
		<pose>Unspecified</pose>
		<truncated>0</truncated>
		<difficult>0</difficult>
		<occluded>0</occluded>
		<bndbox>
			<xmin>443</xmin>
			<xmax>523</xmax>
			<ymin>289</ymin>
			<ymax>320</ymax>
		</bndbox>
	</object>
</annotation>
