<annotation>
	<folder></folder>
	<filename>ck0rp7ech84jq0721s8wfw8tz_jpeg.rf.f49f246eef35370ed9da3d797409fa3c.jpg</filename>
	<path>ck0rp7ech84jq0721s8wfw8tz_jpeg.rf.f49f246eef35370ed9da3d797409fa3c.jpg</path>
	<source>
		<database>roboflow.ai</database>
	</source>
	<size>
		<width>640</width>
		<height>480</height>
		<depth>3</depth>
	</size>
	<segmented>0</segmented>
	<object>
		<name>smoke</name>
		<pose>Unspecified</pose>
		<truncated>0</truncated>
		<difficult>0</difficult>
		<occluded>0</occluded>
		<bndbox>
			<xmin>202</xmin>
			<xmax>258</xmax>
			<ymin>158</ymin>
			<ymax>239</ymax>
		</bndbox>
	</object>
</annotation>
