<annotation>
	<folder></folder>
	<filename>ck0tz2vh7wqqw0721qe4odmlu_jpeg.rf.8e9a88e1a568ff4f100cf57a219250d5.jpg</filename>
	<path>ck0tz2vh7wqqw0721qe4odmlu_jpeg.rf.8e9a88e1a568ff4f100cf57a219250d5.jpg</path>
	<source>
		<database>roboflow.ai</database>
	</source>
	<size>
		<width>640</width>
		<height>480</height>
		<depth>3</depth>
	</size>
	<segmented>0</segmented>
	<object>
		<name>smoke</name>
		<pose>Unspecified</pose>
		<truncated>0</truncated>
		<difficult>0</difficult>
		<occluded>0</occluded>
		<bndbox>
			<xmin>394</xmin>
			<xmax>538</xmax>
			<ymin>192</ymin>
			<ymax>242</ymax>
		</bndbox>
	</object>
</annotation>
