<annotation>
	<folder></folder>
	<filename>ck0tyq31o6ryb08488lus3geb_jpeg.rf.952ddb3f74c7e559d41ce47c20e0e9db.jpg</filename>
	<path>ck0tyq31o6ryb08488lus3geb_jpeg.rf.952ddb3f74c7e559d41ce47c20e0e9db.jpg</path>
	<source>
		<database>roboflow.ai</database>
	</source>
	<size>
		<width>640</width>
		<height>480</height>
		<depth>3</depth>
	</size>
	<segmented>0</segmented>
	<object>
		<name>smoke</name>
		<pose>Unspecified</pose>
		<truncated>0</truncated>
		<difficult>0</difficult>
		<occluded>0</occluded>
		<bndbox>
			<xmin>179</xmin>
			<xmax>212</xmax>
			<ymin>205</ymin>
			<ymax>225</ymax>
		</bndbox>
	</object>
</annotation>
