<annotation>
	<folder></folder>
	<filename>ck0t6v4mw07810a46gj9vqfvu_jpeg.rf.bb2af326ad7e053d0f41d82152936273.jpg</filename>
	<path>ck0t6v4mw07810a46gj9vqfvu_jpeg.rf.bb2af326ad7e053d0f41d82152936273.jpg</path>
	<source>
		<database>roboflow.ai</database>
	</source>
	<size>
		<width>640</width>
		<height>480</height>
		<depth>3</depth>
	</size>
	<segmented>0</segmented>
	<object>
		<name>smoke</name>
		<pose>Unspecified</pose>
		<truncated>0</truncated>
		<difficult>0</difficult>
		<occluded>0</occluded>
		<bndbox>
			<xmin>502</xmin>
			<xmax>616</xmax>
			<ymin>211</ymin>
			<ymax>288</ymax>
		</bndbox>
	</object>
</annotation>
