<annotation>
	<folder></folder>
	<filename>ck0t7hsj2on2s094444drdqs0_jpeg.rf.f52b5068fa822561ff8f0e200dc451a0.jpg</filename>
	<path>ck0t7hsj2on2s094444drdqs0_jpeg.rf.f52b5068fa822561ff8f0e200dc451a0.jpg</path>
	<source>
		<database>roboflow.ai</database>
	</source>
	<size>
		<width>640</width>
		<height>480</height>
		<depth>3</depth>
	</size>
	<segmented>0</segmented>
	<object>
		<name>smoke</name>
		<pose>Unspecified</pose>
		<truncated>0</truncated>
		<difficult>0</difficult>
		<occluded>0</occluded>
		<bndbox>
			<xmin>128</xmin>
			<xmax>175</xmax>
			<ymin>218</ymin>
			<ymax>286</ymax>
		</bndbox>
	</object>
</annotation>
