<annotation>
	<folder></folder>
	<filename>ck0tyucu3uekj0944f3usafki_jpeg.rf.ad394d6c48fd8c0906ce0ac8f4568298.jpg</filename>
	<path>ck0tyucu3uekj0944f3usafki_jpeg.rf.ad394d6c48fd8c0906ce0ac8f4568298.jpg</path>
	<source>
		<database>roboflow.ai</database>
	</source>
	<size>
		<width>640</width>
		<height>480</height>
		<depth>3</depth>
	</size>
	<segmented>0</segmented>
	<object>
		<name>smoke</name>
		<pose>Unspecified</pose>
		<truncated>0</truncated>
		<difficult>0</difficult>
		<occluded>0</occluded>
		<bndbox>
			<xmin>18</xmin>
			<xmax>157</xmax>
			<ymin>272</ymin>
			<ymax>334</ymax>
		</bndbox>
	</object>
</annotation>
