<annotation>
	<folder></folder>
	<filename>ck0txus39scfk0863py0w15qb_jpeg.rf.9576388a3db2bcfad7af2402710fae96.jpg</filename>
	<path>ck0txus39scfk0863py0w15qb_jpeg.rf.9576388a3db2bcfad7af2402710fae96.jpg</path>
	<source>
		<database>roboflow.ai</database>
	</source>
	<size>
		<width>640</width>
		<height>480</height>
		<depth>3</depth>
	</size>
	<segmented>0</segmented>
	<object>
		<name>smoke</name>
		<pose>Unspecified</pose>
		<truncated>0</truncated>
		<difficult>0</difficult>
		<occluded>0</occluded>
		<bndbox>
			<xmin>190</xmin>
			<xmax>213</xmax>
			<ymin>208</ymin>
			<ymax>230</ymax>
		</bndbox>
	</object>
</annotation>
