<annotation>
	<folder></folder>
	<filename>ck0tzu01r69vw0a464th4yn43_jpeg.rf.b3629ef5809d61bee0fa0208337eff76.jpg</filename>
	<path>ck0tzu01r69vw0a464th4yn43_jpeg.rf.b3629ef5809d61bee0fa0208337eff76.jpg</path>
	<source>
		<database>roboflow.ai</database>
	</source>
	<size>
		<width>640</width>
		<height>480</height>
		<depth>3</depth>
	</size>
	<segmented>0</segmented>
	<object>
		<name>smoke</name>
		<pose>Unspecified</pose>
		<truncated>0</truncated>
		<difficult>0</difficult>
		<occluded>0</occluded>
		<bndbox>
			<xmin>186</xmin>
			<xmax>237</xmax>
			<ymin>239</ymin>
			<ymax>292</ymax>
		</bndbox>
	</object>
</annotation>
