<annotation>
	<folder></folder>
	<filename>ck0t2pyk3l0ym08636r4hqnty_jpeg.rf.7ca69164d2ca64a00e9c2d1219e7d966.jpg</filename>
	<path>ck0t2pyk3l0ym08636r4hqnty_jpeg.rf.7ca69164d2ca64a00e9c2d1219e7d966.jpg</path>
	<source>
		<database>roboflow.ai</database>
	</source>
	<size>
		<width>640</width>
		<height>480</height>
		<depth>3</depth>
	</size>
	<segmented>0</segmented>
	<object>
		<name>smoke</name>
		<pose>Unspecified</pose>
		<truncated>0</truncated>
		<difficult>0</difficult>
		<occluded>0</occluded>
		<bndbox>
			<xmin>305</xmin>
			<xmax>427</xmax>
			<ymin>193</ymin>
			<ymax>252</ymax>
		</bndbox>
	</object>
</annotation>
