<annotation>
	<folder></folder>
	<filename>ck0t2gf1wypnz0a4651vbm3b5_jpeg.rf.b93c64f987f4faa915f9df79de73fb86.jpg</filename>
	<path>ck0t2gf1wypnz0a4651vbm3b5_jpeg.rf.b93c64f987f4faa915f9df79de73fb86.jpg</path>
	<source>
		<database>roboflow.ai</database>
	</source>
	<size>
		<width>640</width>
		<height>480</height>
		<depth>3</depth>
	</size>
	<segmented>0</segmented>
	<object>
		<name>smoke</name>
		<pose>Unspecified</pose>
		<truncated>0</truncated>
		<difficult>0</difficult>
		<occluded>0</occluded>
		<bndbox>
			<xmin>497</xmin>
			<xmax>638</xmax>
			<ymin>191</ymin>
			<ymax>258</ymax>
		</bndbox>
	</object>
</annotation>
