<annotation>
	<folder></folder>
	<filename>ck0txs402uehd070195c9mfko_jpeg.rf.b47277846338d037c30f92e0213833d5.jpg</filename>
	<path>ck0txs402uehd070195c9mfko_jpeg.rf.b47277846338d037c30f92e0213833d5.jpg</path>
	<source>
		<database>roboflow.ai</database>
	</source>
	<size>
		<width>640</width>
		<height>480</height>
		<depth>3</depth>
	</size>
	<segmented>0</segmented>
	<object>
		<name>smoke</name>
		<pose>Unspecified</pose>
		<truncated>0</truncated>
		<difficult>0</difficult>
		<occluded>0</occluded>
		<bndbox>
			<xmin>210</xmin>
			<xmax>255</xmax>
			<ymin>167</ymin>
			<ymax>239</ymax>
		</bndbox>
	</object>
</annotation>
