<annotation>
	<folder></folder>
	<filename>ck0tzuao2wuuv0721d9vb3uvm_jpeg.rf.b22278e5e19f63a0a95634c876aeb3b1.jpg</filename>
	<path>ck0tzuao2wuuv0721d9vb3uvm_jpeg.rf.b22278e5e19f63a0a95634c876aeb3b1.jpg</path>
	<source>
		<database>roboflow.ai</database>
	</source>
	<size>
		<width>640</width>
		<height>480</height>
		<depth>3</depth>
	</size>
	<segmented>0</segmented>
	<object>
		<name>smoke</name>
		<pose>Unspecified</pose>
		<truncated>0</truncated>
		<difficult>0</difficult>
		<occluded>0</occluded>
		<bndbox>
			<xmin>4</xmin>
			<xmax>170</xmax>
			<ymin>260</ymin>
			<ymax>332</ymax>
		</bndbox>
	</object>
</annotation>
