<annotation>
	<folder></folder>
	<filename>ck0t5xpty0hyp08488g6a7n6l_jpeg.rf.8884944ed861a984fd4fa4955e71cd48.jpg</filename>
	<path>ck0t5xpty0hyp08488g6a7n6l_jpeg.rf.8884944ed861a984fd4fa4955e71cd48.jpg</path>
	<source>
		<database>roboflow.ai</database>
	</source>
	<size>
		<width>640</width>
		<height>480</height>
		<depth>3</depth>
	</size>
	<segmented>0</segmented>
	<object>
		<name>smoke</name>
		<pose>Unspecified</pose>
		<truncated>0</truncated>
		<difficult>0</difficult>
		<occluded>0</occluded>
		<bndbox>
			<xmin>50</xmin>
			<xmax>452</xmax>
			<ymin>152</ymin>
			<ymax>320</ymax>
		</bndbox>
	</object>
</annotation>
