<annotation>
	<folder></folder>
	<filename>ck0tzza3ut6ra0838aef1ubfa_jpeg.rf.d8738fff54d7ecf5e5d281969b2c4795.jpg</filename>
	<path>ck0tzza3ut6ra0838aef1ubfa_jpeg.rf.d8738fff54d7ecf5e5d281969b2c4795.jpg</path>
	<source>
		<database>roboflow.ai</database>
	</source>
	<size>
		<width>640</width>
		<height>480</height>
		<depth>3</depth>
	</size>
	<segmented>0</segmented>
	<object>
		<name>smoke</name>
		<pose>Unspecified</pose>
		<truncated>0</truncated>
		<difficult>0</difficult>
		<occluded>0</occluded>
		<bndbox>
			<xmin>485</xmin>
			<xmax>519</xmax>
			<ymin>198</ymin>
			<ymax>238</ymax>
		</bndbox>
	</object>
</annotation>
