<annotation>
	<folder></folder>
	<filename>ck0t6c6eg0n3m08483m1afytd_jpeg.rf.bd34ea97915de5348293b62b301df38f.jpg</filename>
	<path>ck0t6c6eg0n3m08483m1afytd_jpeg.rf.bd34ea97915de5348293b62b301df38f.jpg</path>
	<source>
		<database>roboflow.ai</database>
	</source>
	<size>
		<width>640</width>
		<height>480</height>
		<depth>3</depth>
	</size>
	<segmented>0</segmented>
	<object>
		<name>smoke</name>
		<pose>Unspecified</pose>
		<truncated>0</truncated>
		<difficult>0</difficult>
		<occluded>0</occluded>
		<bndbox>
			<xmin>310</xmin>
			<xmax>436</xmax>
			<ymin>161</ymin>
			<ymax>252</ymax>
		</bndbox>
	</object>
</annotation>
