<annotation>
	<folder></folder>
	<filename>ck0txn3y1uaec0944bo6m4q6c_jpeg.rf.f46ac4d6b598065a331421706191b669.jpg</filename>
	<path>ck0txn3y1uaec0944bo6m4q6c_jpeg.rf.f46ac4d6b598065a331421706191b669.jpg</path>
	<source>
		<database>roboflow.ai</database>
	</source>
	<size>
		<width>640</width>
		<height>480</height>
		<depth>3</depth>
	</size>
	<segmented>0</segmented>
	<object>
		<name>smoke</name>
		<pose>Unspecified</pose>
		<truncated>0</truncated>
		<difficult>0</difficult>
		<occluded>0</occluded>
		<bndbox>
			<xmin>514</xmin>
			<xmax>580</xmax>
			<ymin>253</ymin>
			<ymax>279</ymax>
		</bndbox>
	</object>
</annotation>
