<annotation>
	<folder></folder>
	<filename>ck0txx0ddscoq0863bm1ntw9g_jpeg.rf.d4a3a846ce3b75ac6df3f0290adc7ef8.jpg</filename>
	<path>ck0txx0ddscoq0863bm1ntw9g_jpeg.rf.d4a3a846ce3b75ac6df3f0290adc7ef8.jpg</path>
	<source>
		<database>roboflow.ai</database>
	</source>
	<size>
		<width>640</width>
		<height>480</height>
		<depth>3</depth>
	</size>
	<segmented>0</segmented>
	<object>
		<name>smoke</name>
		<pose>Unspecified</pose>
		<truncated>0</truncated>
		<difficult>0</difficult>
		<occluded>0</occluded>
		<bndbox>
			<xmin>500</xmin>
			<xmax>636</xmax>
			<ymin>253</ymin>
			<ymax>293</ymax>
		</bndbox>
	</object>
</annotation>
