<annotation>
	<folder></folder>
	<filename>ck0tylooksf3f0863s6tbwxhx_jpeg.rf.8f4a749954974bc5e10dc29869c4cbdf.jpg</filename>
	<path>ck0tylooksf3f0863s6tbwxhx_jpeg.rf.8f4a749954974bc5e10dc29869c4cbdf.jpg</path>
	<source>
		<database>roboflow.ai</database>
	</source>
	<size>
		<width>640</width>
		<height>480</height>
		<depth>3</depth>
	</size>
	<segmented>0</segmented>
	<object>
		<name>smoke</name>
		<pose>Unspecified</pose>
		<truncated>0</truncated>
		<difficult>0</difficult>
		<occluded>0</occluded>
		<bndbox>
			<xmin>180</xmin>
			<xmax>214</xmax>
			<ymin>204</ymin>
			<ymax>230</ymax>
		</bndbox>
	</object>
</annotation>
