<annotation>
	<folder></folder>
	<filename>ck0tzox41umlv0701crxo159j_jpeg.rf.e8dbba80529101120c53cdbf682d6b3b.jpg</filename>
	<path>ck0tzox41umlv0701crxo159j_jpeg.rf.e8dbba80529101120c53cdbf682d6b3b.jpg</path>
	<source>
		<database>roboflow.ai</database>
	</source>
	<size>
		<width>640</width>
		<height>480</height>
		<depth>3</depth>
	</size>
	<segmented>0</segmented>
	<object>
		<name>smoke</name>
		<pose>Unspecified</pose>
		<truncated>0</truncated>
		<difficult>0</difficult>
		<occluded>0</occluded>
		<bndbox>
			<xmin>221</xmin>
			<xmax>256</xmax>
			<ymin>205</ymin>
			<ymax>237</ymax>
		</bndbox>
	</object>
</annotation>
