<annotation>
	<folder></folder>
	<filename>ck0txp6s8ue5b0701zx9qjwwe_jpeg.rf.d99829abfdfcd1ac783cbf63afb2e141.jpg</filename>
	<path>ck0txp6s8ue5b0701zx9qjwwe_jpeg.rf.d99829abfdfcd1ac783cbf63afb2e141.jpg</path>
	<source>
		<database>roboflow.ai</database>
	</source>
	<size>
		<width>640</width>
		<height>480</height>
		<depth>3</depth>
	</size>
	<segmented>0</segmented>
	<object>
		<name>smoke</name>
		<pose>Unspecified</pose>
		<truncated>0</truncated>
		<difficult>0</difficult>
		<occluded>0</occluded>
		<bndbox>
			<xmin>444</xmin>
			<xmax>612</xmax>
			<ymin>213</ymin>
			<ymax>288</ymax>
		</bndbox>
	</object>
</annotation>
