<annotation>
	<folder></folder>
	<filename>ck0t4sh7pnk3v09447wbxifkk_jpeg.rf.d723fb8fb9b160e3b61d523345284d2a.jpg</filename>
	<path>ck0t4sh7pnk3v09447wbxifkk_jpeg.rf.d723fb8fb9b160e3b61d523345284d2a.jpg</path>
	<source>
		<database>roboflow.ai</database>
	</source>
	<size>
		<width>640</width>
		<height>480</height>
		<depth>3</depth>
	</size>
	<segmented>0</segmented>
	<object>
		<name>smoke</name>
		<pose>Unspecified</pose>
		<truncated>0</truncated>
		<difficult>0</difficult>
		<occluded>0</occluded>
		<bndbox>
			<xmin>445</xmin>
			<xmax>583</xmax>
			<ymin>228</ymin>
			<ymax>254</ymax>
		</bndbox>
	</object>
</annotation>
