<annotation>
	<folder></folder>
	<filename>ck0t75ti6on9t07015p6wbjle_jpeg.rf.d4ca4e1f7adb43de81445ccbe0f71098.jpg</filename>
	<path>ck0t75ti6on9t07015p6wbjle_jpeg.rf.d4ca4e1f7adb43de81445ccbe0f71098.jpg</path>
	<source>
		<database>roboflow.ai</database>
	</source>
	<size>
		<width>640</width>
		<height>480</height>
		<depth>3</depth>
	</size>
	<segmented>0</segmented>
	<object>
		<name>smoke</name>
		<pose>Unspecified</pose>
		<truncated>0</truncated>
		<difficult>0</difficult>
		<occluded>0</occluded>
		<bndbox>
			<xmin>273</xmin>
			<xmax>524</xmax>
			<ymin>240</ymin>
			<ymax>319</ymax>
		</bndbox>
	</object>
</annotation>
