<annotation>
	<folder></folder>
	<filename>ck0tz3qdjt20v0838pjjz36dn_jpeg.rf.d78b31fccbc803886b4037c800f2c5e7.jpg</filename>
	<path>ck0tz3qdjt20v0838pjjz36dn_jpeg.rf.d78b31fccbc803886b4037c800f2c5e7.jpg</path>
	<source>
		<database>roboflow.ai</database>
	</source>
	<size>
		<width>640</width>
		<height>480</height>
		<depth>3</depth>
	</size>
	<segmented>0</segmented>
	<object>
		<name>smoke</name>
		<pose>Unspecified</pose>
		<truncated>0</truncated>
		<difficult>0</difficult>
		<occluded>0</occluded>
		<bndbox>
			<xmin>498</xmin>
			<xmax>566</xmax>
			<ymin>205</ymin>
			<ymax>252</ymax>
		</bndbox>
	</object>
</annotation>
