<annotation>
	<folder></folder>
	<filename>ck0tx10f0r4n40794pbbiu6iw_jpeg.rf.e2375405bbe7a5a307420051f164add7.jpg</filename>
	<path>ck0tx10f0r4n40794pbbiu6iw_jpeg.rf.e2375405bbe7a5a307420051f164add7.jpg</path>
	<source>
		<database>roboflow.ai</database>
	</source>
	<size>
		<width>640</width>
		<height>480</height>
		<depth>3</depth>
	</size>
	<segmented>0</segmented>
	<object>
		<name>smoke</name>
		<pose>Unspecified</pose>
		<truncated>0</truncated>
		<difficult>0</difficult>
		<occluded>0</occluded>
		<bndbox>
			<xmin>329</xmin>
			<xmax>387</xmax>
			<ymin>212</ymin>
			<ymax>250</ymax>
		</bndbox>
	</object>
</annotation>
