<annotation>
	<folder></folder>
	<filename>ck0t20os6mrcb0944xrc0wamx_jpeg.rf.ee4ee7ff297cbc0aadd8bc31c4067d1d.jpg</filename>
	<path>ck0t20os6mrcb0944xrc0wamx_jpeg.rf.ee4ee7ff297cbc0aadd8bc31c4067d1d.jpg</path>
	<source>
		<database>roboflow.ai</database>
	</source>
	<size>
		<width>640</width>
		<height>480</height>
		<depth>3</depth>
	</size>
	<segmented>0</segmented>
	<object>
		<name>smoke</name>
		<pose>Unspecified</pose>
		<truncated>0</truncated>
		<difficult>0</difficult>
		<occluded>0</occluded>
		<bndbox>
			<xmin>1</xmin>
			<xmax>158</xmax>
			<ymin>229</ymin>
			<ymax>325</ymax>
		</bndbox>
	</object>
</annotation>
