<annotation>
	<folder></folder>
	<filename>ck0t3r8twkazh0794uxyta3xz_jpeg.rf.9ec29e65e34503b73401e911707d4fc1.jpg</filename>
	<path>ck0t3r8twkazh0794uxyta3xz_jpeg.rf.9ec29e65e34503b73401e911707d4fc1.jpg</path>
	<source>
		<database>roboflow.ai</database>
	</source>
	<size>
		<width>640</width>
		<height>480</height>
		<depth>3</depth>
	</size>
	<segmented>0</segmented>
	<object>
		<name>smoke</name>
		<pose>Unspecified</pose>
		<truncated>0</truncated>
		<difficult>0</difficult>
		<occluded>0</occluded>
		<bndbox>
			<xmin>387</xmin>
			<xmax>522</xmax>
			<ymin>272</ymin>
			<ymax>322</ymax>
		</bndbox>
	</object>
</annotation>
