<annotation>
	<folder></folder>
	<filename>ck0t765i5mk8j0863od0a5ghy_jpeg.rf.e1c441f3237ce54181cc06b916ccf313.jpg</filename>
	<path>ck0t765i5mk8j0863od0a5ghy_jpeg.rf.e1c441f3237ce54181cc06b916ccf313.jpg</path>
	<source>
		<database>roboflow.ai</database>
	</source>
	<size>
		<width>640</width>
		<height>480</height>
		<depth>3</depth>
	</size>
	<segmented>0</segmented>
	<object>
		<name>smoke</name>
		<pose>Unspecified</pose>
		<truncated>0</truncated>
		<difficult>0</difficult>
		<occluded>0</occluded>
		<bndbox>
			<xmin>3</xmin>
			<xmax>169</xmax>
			<ymin>71</ymin>
			<ymax>324</ymax>
		</bndbox>
	</object>
</annotation>
