<annotation>
	<folder></folder>
	<filename>ck0tzp3rvummy07010t4dolzz_jpeg.rf.c714652d0c504a149b83071ca4b8bd13.jpg</filename>
	<path>ck0tzp3rvummy07010t4dolzz_jpeg.rf.c714652d0c504a149b83071ca4b8bd13.jpg</path>
	<source>
		<database>roboflow.ai</database>
	</source>
	<size>
		<width>640</width>
		<height>480</height>
		<depth>3</depth>
	</size>
	<segmented>0</segmented>
	<object>
		<name>smoke</name>
		<pose>Unspecified</pose>
		<truncated>0</truncated>
		<difficult>0</difficult>
		<occluded>0</occluded>
		<bndbox>
			<xmin>177</xmin>
			<xmax>213</xmax>
			<ymin>207</ymin>
			<ymax>228</ymax>
		</bndbox>
	</object>
</annotation>
