<annotation>
	<folder></folder>
	<filename>ck0t1qg3kyft90a46nddriu6k_jpeg.rf.c4b243f8509a87ad5bdb0ed3c1a4e953.jpg</filename>
	<path>ck0t1qg3kyft90a46nddriu6k_jpeg.rf.c4b243f8509a87ad5bdb0ed3c1a4e953.jpg</path>
	<source>
		<database>roboflow.ai</database>
	</source>
	<size>
		<width>640</width>
		<height>480</height>
		<depth>3</depth>
	</size>
	<segmented>0</segmented>
	<object>
		<name>smoke</name>
		<pose>Unspecified</pose>
		<truncated>0</truncated>
		<difficult>0</difficult>
		<occluded>0</occluded>
		<bndbox>
			<xmin>166</xmin>
			<xmax>215</xmax>
			<ymin>202</ymin>
			<ymax>227</ymax>
		</bndbox>
	</object>
</annotation>
