<annotation>
	<folder></folder>
	<filename>ck0tz35vrt1xh08382lzzsg2v_jpeg.rf.fbfc29bec37e3eae4805a0cc7f74ff80.jpg</filename>
	<path>ck0tz35vrt1xh08382lzzsg2v_jpeg.rf.fbfc29bec37e3eae4805a0cc7f74ff80.jpg</path>
	<source>
		<database>roboflow.ai</database>
	</source>
	<size>
		<width>640</width>
		<height>480</height>
		<depth>3</depth>
	</size>
	<segmented>0</segmented>
	<object>
		<name>smoke</name>
		<pose>Unspecified</pose>
		<truncated>0</truncated>
		<difficult>0</difficult>
		<occluded>0</occluded>
		<bndbox>
			<xmin>120</xmin>
			<xmax>178</xmax>
			<ymin>192</ymin>
			<ymax>286</ymax>
		</bndbox>
	</object>
</annotation>
