<annotation>
	<folder></folder>
	<filename>ck0t5wu9ao70b0701rdv7c7af_jpeg.rf.cc0f00f739a08c1d6337f7f6e32ce03d.jpg</filename>
	<path>ck0t5wu9ao70b0701rdv7c7af_jpeg.rf.cc0f00f739a08c1d6337f7f6e32ce03d.jpg</path>
	<source>
		<database>roboflow.ai</database>
	</source>
	<size>
		<width>640</width>
		<height>480</height>
		<depth>3</depth>
	</size>
	<segmented>0</segmented>
	<object>
		<name>smoke</name>
		<pose>Unspecified</pose>
		<truncated>0</truncated>
		<difficult>0</difficult>
		<occluded>0</occluded>
		<bndbox>
			<xmin>308</xmin>
			<xmax>413</xmax>
			<ymin>255</ymin>
			<ymax>307</ymax>
		</bndbox>
	</object>
</annotation>
