<annotation>
	<folder></folder>
	<filename>ck0tx3rohwiml0721wn578q0e_jpeg.rf.c23153704db212f6fb1d673ef173b0f1.jpg</filename>
	<path>ck0tx3rohwiml0721wn578q0e_jpeg.rf.c23153704db212f6fb1d673ef173b0f1.jpg</path>
	<source>
		<database>roboflow.ai</database>
	</source>
	<size>
		<width>640</width>
		<height>480</height>
		<depth>3</depth>
	</size>
	<segmented>0</segmented>
	<object>
		<name>smoke</name>
		<pose>Unspecified</pose>
		<truncated>0</truncated>
		<difficult>0</difficult>
		<occluded>0</occluded>
		<bndbox>
			<xmin>113</xmin>
			<xmax>174</xmax>
			<ymin>185</ymin>
			<ymax>284</ymax>
		</bndbox>
	</object>
</annotation>
