<annotation>
	<folder></folder>
	<filename>ck0txwk8k6owz0848gejqchq8_jpeg.rf.d431e6a3cf29ca3c97bda4035c2e26fa.jpg</filename>
	<path>ck0txwk8k6owz0848gejqchq8_jpeg.rf.d431e6a3cf29ca3c97bda4035c2e26fa.jpg</path>
	<source>
		<database>roboflow.ai</database>
	</source>
	<size>
		<width>640</width>
		<height>480</height>
		<depth>3</depth>
	</size>
	<segmented>0</segmented>
	<object>
		<name>smoke</name>
		<pose>Unspecified</pose>
		<truncated>0</truncated>
		<difficult>0</difficult>
		<occluded>0</occluded>
		<bndbox>
			<xmin>1</xmin>
			<xmax>168</xmax>
			<ymin>48</ymin>
			<ymax>326</ymax>
		</bndbox>
	</object>
</annotation>
