<annotation>
	<folder></folder>
	<filename>ck0tswxwqqmau0794imifdgnh_jpeg.rf.ec35749524df8e91f4398a24e9e87e55.jpg</filename>
	<path>ck0tswxwqqmau0794imifdgnh_jpeg.rf.ec35749524df8e91f4398a24e9e87e55.jpg</path>
	<source>
		<database>roboflow.ai</database>
	</source>
	<size>
		<width>640</width>
		<height>480</height>
		<depth>3</depth>
	</size>
	<segmented>0</segmented>
	<object>
		<name>smoke</name>
		<pose>Unspecified</pose>
		<truncated>0</truncated>
		<difficult>0</difficult>
		<occluded>0</occluded>
		<bndbox>
			<xmin>197</xmin>
			<xmax>214</xmax>
			<ymin>206</ymin>
			<ymax>229</ymax>
		</bndbox>
	</object>
</annotation>
