<annotation>
	<folder></folder>
	<filename>ck0t3s74cnfks070126deykt2_jpeg.rf.e83ffc98b2dd129c1a6df088d5191aca.jpg</filename>
	<path>ck0t3s74cnfks070126deykt2_jpeg.rf.e83ffc98b2dd129c1a6df088d5191aca.jpg</path>
	<source>
		<database>roboflow.ai</database>
	</source>
	<size>
		<width>640</width>
		<height>480</height>
		<depth>3</depth>
	</size>
	<segmented>0</segmented>
	<object>
		<name>smoke</name>
		<pose>Unspecified</pose>
		<truncated>0</truncated>
		<difficult>0</difficult>
		<occluded>0</occluded>
		<bndbox>
			<xmin>2</xmin>
			<xmax>149</xmax>
			<ymin>216</ymin>
			<ymax>339</ymax>
		</bndbox>
	</object>
</annotation>
