<annotation>
	<folder></folder>
	<filename>ck0t1ywwdmqkf0944mhiw5huk_jpeg.rf.bb77413dc1cb70d1f2e52b6f003b2bd9.jpg</filename>
	<path>ck0t1ywwdmqkf0944mhiw5huk_jpeg.rf.bb77413dc1cb70d1f2e52b6f003b2bd9.jpg</path>
	<source>
		<database>roboflow.ai</database>
	</source>
	<size>
		<width>640</width>
		<height>480</height>
		<depth>3</depth>
	</size>
	<segmented>0</segmented>
	<object>
		<name>smoke</name>
		<pose>Unspecified</pose>
		<truncated>0</truncated>
		<difficult>0</difficult>
		<occluded>0</occluded>
		<bndbox>
			<xmin>131</xmin>
			<xmax>238</xmax>
			<ymin>229</ymin>
			<ymax>288</ymax>
		</bndbox>
	</object>
</annotation>
