<annotation>
	<folder></folder>
	<filename>ck0t5oyi1mlpd08385ihi4js3_jpeg.rf.a2dd8f265c56cd1b9ae4d1a0a2a3d30a.jpg</filename>
	<path>ck0t5oyi1mlpd08385ihi4js3_jpeg.rf.a2dd8f265c56cd1b9ae4d1a0a2a3d30a.jpg</path>
	<source>
		<database>roboflow.ai</database>
	</source>
	<size>
		<width>640</width>
		<height>480</height>
		<depth>3</depth>
	</size>
	<segmented>0</segmented>
	<object>
		<name>smoke</name>
		<pose>Unspecified</pose>
		<truncated>0</truncated>
		<difficult>0</difficult>
		<occluded>0</occluded>
		<bndbox>
			<xmin>330</xmin>
			<xmax>483</xmax>
			<ymin>216</ymin>
			<ymax>251</ymax>
		</bndbox>
	</object>
</annotation>
