<annotation>
	<folder></folder>
	<filename>ck0tsyvp361ow084867dinue0_jpeg.rf.d47c7f4008f3cd76c7e1428677a676ce.jpg</filename>
	<path>ck0tsyvp361ow084867dinue0_jpeg.rf.d47c7f4008f3cd76c7e1428677a676ce.jpg</path>
	<source>
		<database>roboflow.ai</database>
	</source>
	<size>
		<width>640</width>
		<height>480</height>
		<depth>3</depth>
	</size>
	<segmented>0</segmented>
	<object>
		<name>smoke</name>
		<pose>Unspecified</pose>
		<truncated>0</truncated>
		<difficult>0</difficult>
		<occluded>0</occluded>
		<bndbox>
			<xmin>499</xmin>
			<xmax>637</xmax>
			<ymin>246</ymin>
			<ymax>288</ymax>
		</bndbox>
	</object>
</annotation>
