<annotation>
	<folder></folder>
	<filename>ck0txrkyx611l0a46u3b4n8bb_jpeg.rf.aa1ad8376fd26661f3771abccbd1d143.jpg</filename>
	<path>ck0txrkyx611l0a46u3b4n8bb_jpeg.rf.aa1ad8376fd26661f3771abccbd1d143.jpg</path>
	<source>
		<database>roboflow.ai</database>
	</source>
	<size>
		<width>640</width>
		<height>480</height>
		<depth>3</depth>
	</size>
	<segmented>0</segmented>
	<object>
		<name>smoke</name>
		<pose>Unspecified</pose>
		<truncated>0</truncated>
		<difficult>0</difficult>
		<occluded>0</occluded>
		<bndbox>
			<xmin>217</xmin>
			<xmax>254</xmax>
			<ymin>204</ymin>
			<ymax>240</ymax>
		</bndbox>
	</object>
</annotation>
