<annotation>
	<folder></folder>
	<filename>ck0t2tlmmzfds0848mvj42ujg_jpeg.rf.e9652791f14278f94e777c81d78f9857.jpg</filename>
	<path>ck0t2tlmmzfds0848mvj42ujg_jpeg.rf.e9652791f14278f94e777c81d78f9857.jpg</path>
	<source>
		<database>roboflow.ai</database>
	</source>
	<size>
		<width>640</width>
		<height>480</height>
		<depth>3</depth>
	</size>
	<segmented>0</segmented>
	<object>
		<name>smoke</name>
		<pose>Unspecified</pose>
		<truncated>0</truncated>
		<difficult>0</difficult>
		<occluded>0</occluded>
		<bndbox>
			<xmin>308</xmin>
			<xmax>550</xmax>
			<ymin>135</ymin>
			<ymax>259</ymax>
		</bndbox>
	</object>
</annotation>
