<annotation>
	<folder></folder>
	<filename>ck0twb97n5uc20a46en2e2spb_jpeg.rf.e507096fae49dae5649e7f4e895d6f8f.jpg</filename>
	<path>ck0twb97n5uc20a46en2e2spb_jpeg.rf.e507096fae49dae5649e7f4e895d6f8f.jpg</path>
	<source>
		<database>roboflow.ai</database>
	</source>
	<size>
		<width>640</width>
		<height>480</height>
		<depth>3</depth>
	</size>
	<segmented>0</segmented>
	<object>
		<name>smoke</name>
		<pose>Unspecified</pose>
		<truncated>0</truncated>
		<difficult>0</difficult>
		<occluded>0</occluded>
		<bndbox>
			<xmin>310</xmin>
			<xmax>478</xmax>
			<ymin>144</ymin>
			<ymax>256</ymax>
		</bndbox>
	</object>
</annotation>
