<annotation>
	<folder></folder>
	<filename>ck0tsz3b0624008481fmfbt28_jpeg.rf.84cf8a28b2a98547fccdad89cc3cb3f2.jpg</filename>
	<path>ck0tsz3b0624008481fmfbt28_jpeg.rf.84cf8a28b2a98547fccdad89cc3cb3f2.jpg</path>
	<source>
		<database>roboflow.ai</database>
	</source>
	<size>
		<width>640</width>
		<height>480</height>
		<depth>3</depth>
	</size>
	<segmented>0</segmented>
	<object>
		<name>smoke</name>
		<pose>Unspecified</pose>
		<truncated>0</truncated>
		<difficult>0</difficult>
		<occluded>0</occluded>
		<bndbox>
			<xmin>31</xmin>
			<xmax>158</xmax>
			<ymin>101</ymin>
			<ymax>325</ymax>
		</bndbox>
	</object>
</annotation>
