<annotation>
	<folder></folder>
	<filename>ck0twi6d05v8f0a469q54h3iq_jpeg.rf.9e19708c84c6b0e1e696621aba134117.jpg</filename>
	<path>ck0twi6d05v8f0a469q54h3iq_jpeg.rf.9e19708c84c6b0e1e696621aba134117.jpg</path>
	<source>
		<database>roboflow.ai</database>
	</source>
	<size>
		<width>640</width>
		<height>480</height>
		<depth>3</depth>
	</size>
	<segmented>0</segmented>
	<object>
		<name>smoke</name>
		<pose>Unspecified</pose>
		<truncated>0</truncated>
		<difficult>0</difficult>
		<occluded>0</occluded>
		<bndbox>
			<xmin>192</xmin>
			<xmax>304</xmax>
			<ymin>197</ymin>
			<ymax>236</ymax>
		</bndbox>
	</object>
</annotation>
