<annotation>
	<folder></folder>
	<filename>ck0txgnxxud4y0701d5z7lpx7_jpeg.rf.7c53c82d64933f2062ad37195fb14522.jpg</filename>
	<path>ck0txgnxxud4y0701d5z7lpx7_jpeg.rf.7c53c82d64933f2062ad37195fb14522.jpg</path>
	<source>
		<database>roboflow.ai</database>
	</source>
	<size>
		<width>640</width>
		<height>480</height>
		<depth>3</depth>
	</size>
	<segmented>0</segmented>
	<object>
		<name>smoke</name>
		<pose>Unspecified</pose>
		<truncated>0</truncated>
		<difficult>0</difficult>
		<occluded>0</occluded>
		<bndbox>
			<xmin>98</xmin>
			<xmax>413</xmax>
			<ymin>206</ymin>
			<ymax>271</ymax>
		</bndbox>
	</object>
</annotation>
