<annotation>
	<folder></folder>
	<filename>ck0tzqdzqwucd07218blh12ir_jpeg.rf.7b142d2dda7d0e123d58679c4b321445.jpg</filename>
	<path>ck0tzqdzqwucd07218blh12ir_jpeg.rf.7b142d2dda7d0e123d58679c4b321445.jpg</path>
	<source>
		<database>roboflow.ai</database>
	</source>
	<size>
		<width>640</width>
		<height>480</height>
		<depth>3</depth>
	</size>
	<segmented>0</segmented>
	<object>
		<name>smoke</name>
		<pose>Unspecified</pose>
		<truncated>0</truncated>
		<difficult>0</difficult>
		<occluded>0</occluded>
		<bndbox>
			<xmin>178</xmin>
			<xmax>216</xmax>
			<ymin>202</ymin>
			<ymax>226</ymax>
		</bndbox>
	</object>
</annotation>
