<annotation>
	<folder></folder>
	<filename>ck0txgdlcsvs8083883yrxqar_jpeg.rf.b9cfd13cbd0644961135ac43731fe225.jpg</filename>
	<path>ck0txgdlcsvs8083883yrxqar_jpeg.rf.b9cfd13cbd0644961135ac43731fe225.jpg</path>
	<source>
		<database>roboflow.ai</database>
	</source>
	<size>
		<width>640</width>
		<height>480</height>
		<depth>3</depth>
	</size>
	<segmented>0</segmented>
	<object>
		<name>smoke</name>
		<pose>Unspecified</pose>
		<truncated>0</truncated>
		<difficult>0</difficult>
		<occluded>0</occluded>
		<bndbox>
			<xmin>444</xmin>
			<xmax>544</xmax>
			<ymin>226</ymin>
			<ymax>254</ymax>
		</bndbox>
	</object>
</annotation>
