<annotation>
	<folder></folder>
	<filename>ck0tz4dsmshgh08637pfl2z1c_jpeg.rf.b03bf3d9ee3f53a5e8ee298181290d1c.jpg</filename>
	<path>ck0tz4dsmshgh08637pfl2z1c_jpeg.rf.b03bf3d9ee3f53a5e8ee298181290d1c.jpg</path>
	<source>
		<database>roboflow.ai</database>
	</source>
	<size>
		<width>640</width>
		<height>480</height>
		<depth>3</depth>
	</size>
	<segmented>0</segmented>
	<object>
		<name>smoke</name>
		<pose>Unspecified</pose>
		<truncated>0</truncated>
		<difficult>0</difficult>
		<occluded>0</occluded>
		<bndbox>
			<xmin>119</xmin>
			<xmax>179</xmax>
			<ymin>180</ymin>
			<ymax>285</ymax>
		</bndbox>
	</object>
</annotation>
