<annotation>
	<folder></folder>
	<filename>ck0tzw6en6xyw0848myghrsxc_jpeg.rf.a757a5641f161d4d3072d0f41e4afd3a.jpg</filename>
	<path>ck0tzw6en6xyw0848myghrsxc_jpeg.rf.a757a5641f161d4d3072d0f41e4afd3a.jpg</path>
	<source>
		<database>roboflow.ai</database>
	</source>
	<size>
		<width>640</width>
		<height>480</height>
		<depth>3</depth>
	</size>
	<segmented>0</segmented>
	<object>
		<name>smoke</name>
		<pose>Unspecified</pose>
		<truncated>0</truncated>
		<difficult>0</difficult>
		<occluded>0</occluded>
		<bndbox>
			<xmin>3</xmin>
			<xmax>162</xmax>
			<ymin>43</ymin>
			<ymax>326</ymax>
		</bndbox>
	</object>
</annotation>
