<annotation>
	<folder></folder>
	<filename>ck0t81ysfnhui0838yucfeszk_jpeg.rf.a0adf8c4222766877b5a807c7ac8b1cd.jpg</filename>
	<path>ck0t81ysfnhui0838yucfeszk_jpeg.rf.a0adf8c4222766877b5a807c7ac8b1cd.jpg</path>
	<source>
		<database>roboflow.ai</database>
	</source>
	<size>
		<width>640</width>
		<height>480</height>
		<depth>3</depth>
	</size>
	<segmented>0</segmented>
	<object>
		<name>smoke</name>
		<pose>Unspecified</pose>
		<truncated>0</truncated>
		<difficult>0</difficult>
		<occluded>0</occluded>
		<bndbox>
			<xmin>200</xmin>
			<xmax>294</xmax>
			<ymin>194</ymin>
			<ymax>232</ymax>
		</bndbox>
	</object>
</annotation>
