<annotation>
	<folder></folder>
	<filename>ck0t734s0mizv0863sujq0i7p_jpeg.rf.b37b89bf3712f1791e2f97c5a16aa48c.jpg</filename>
	<path>ck0t734s0mizv0863sujq0i7p_jpeg.rf.b37b89bf3712f1791e2f97c5a16aa48c.jpg</path>
	<source>
		<database>roboflow.ai</database>
	</source>
	<size>
		<width>640</width>
		<height>480</height>
		<depth>3</depth>
	</size>
	<segmented>0</segmented>
	<object>
		<name>smoke</name>
		<pose>Unspecified</pose>
		<truncated>0</truncated>
		<difficult>0</difficult>
		<occluded>0</occluded>
		<bndbox>
			<xmin>83</xmin>
			<xmax>262</xmax>
			<ymin>214</ymin>
			<ymax>297</ymax>
		</bndbox>
	</object>
</annotation>
