<annotation>
	<folder></folder>
	<filename>ck0t5nqi3zqqj0a46iyhhhw7b_jpeg.rf.998b4f14452e077f192f88e3842b9501.jpg</filename>
	<path>ck0t5nqi3zqqj0a46iyhhhw7b_jpeg.rf.998b4f14452e077f192f88e3842b9501.jpg</path>
	<source>
		<database>roboflow.ai</database>
	</source>
	<size>
		<width>640</width>
		<height>480</height>
		<depth>3</depth>
	</size>
	<segmented>0</segmented>
	<object>
		<name>smoke</name>
		<pose>Unspecified</pose>
		<truncated>0</truncated>
		<difficult>0</difficult>
		<occluded>0</occluded>
		<bndbox>
			<xmin>328</xmin>
			<xmax>387</xmax>
			<ymin>219</ymin>
			<ymax>254</ymax>
		</bndbox>
	</object>
</annotation>
