<annotation>
	<folder></folder>
	<filename>ck0tyx4x7t16i0838grtlspkh_jpeg.rf.e1d9c642a95a536ae63fdbf498815c0d.jpg</filename>
	<path>ck0tyx4x7t16i0838grtlspkh_jpeg.rf.e1d9c642a95a536ae63fdbf498815c0d.jpg</path>
	<source>
		<database>roboflow.ai</database>
	</source>
	<size>
		<width>640</width>
		<height>480</height>
		<depth>3</depth>
	</size>
	<segmented>0</segmented>
	<object>
		<name>smoke</name>
		<pose>Unspecified</pose>
		<truncated>0</truncated>
		<difficult>0</difficult>
		<occluded>0</occluded>
		<bndbox>
			<xmin>281</xmin>
			<xmax>526</xmax>
			<ymin>254</ymin>
			<ymax>318</ymax>
		</bndbox>
	</object>
</annotation>
