<annotation>
	<folder></folder>
	<filename>ck0t5tq5hmo8508389vjkpile_jpeg.rf.b7db6d196e09c4695d4da7fd0854a18a.jpg</filename>
	<path>ck0t5tq5hmo8508389vjkpile_jpeg.rf.b7db6d196e09c4695d4da7fd0854a18a.jpg</path>
	<source>
		<database>roboflow.ai</database>
	</source>
	<size>
		<width>640</width>
		<height>480</height>
		<depth>3</depth>
	</size>
	<segmented>0</segmented>
	<object>
		<name>smoke</name>
		<pose>Unspecified</pose>
		<truncated>0</truncated>
		<difficult>0</difficult>
		<occluded>0</occluded>
		<bndbox>
			<xmin>402</xmin>
			<xmax>474</xmax>
			<ymin>195</ymin>
			<ymax>251</ymax>
		</bndbox>
	</object>
</annotation>
