<annotation>
	<folder></folder>
	<filename>ck0t58uo4nvw40701ubn1fua7_jpeg.rf.da5481cdd88087908cd2c42ad46b2658.jpg</filename>
	<path>ck0t58uo4nvw40701ubn1fua7_jpeg.rf.da5481cdd88087908cd2c42ad46b2658.jpg</path>
	<source>
		<database>roboflow.ai</database>
	</source>
	<size>
		<width>640</width>
		<height>480</height>
		<depth>3</depth>
	</size>
	<segmented>0</segmented>
	<object>
		<name>smoke</name>
		<pose>Unspecified</pose>
		<truncated>0</truncated>
		<difficult>0</difficult>
		<occluded>0</occluded>
		<bndbox>
			<xmin>110</xmin>
			<xmax>248</xmax>
			<ymin>232</ymin>
			<ymax>294</ymax>
		</bndbox>
	</object>
</annotation>
