<annotation>
	<folder></folder>
	<filename>ck0tx9epawjk50721w6282v2c_jpeg.rf.adc7853dfe39ef993eeba0ed3292186a.jpg</filename>
	<path>ck0tx9epawjk50721w6282v2c_jpeg.rf.adc7853dfe39ef993eeba0ed3292186a.jpg</path>
	<source>
		<database>roboflow.ai</database>
	</source>
	<size>
		<width>640</width>
		<height>480</height>
		<depth>3</depth>
	</size>
	<segmented>0</segmented>
	<object>
		<name>smoke</name>
		<pose>Unspecified</pose>
		<truncated>0</truncated>
		<difficult>0</difficult>
		<occluded>0</occluded>
		<bndbox>
			<xmin>310</xmin>
			<xmax>484</xmax>
			<ymin>129</ymin>
			<ymax>262</ymax>
		</bndbox>
	</object>
</annotation>
