<annotation>
	<folder></folder>
	<filename>ck0tzmo81wtq50721yer41mgt_jpeg.rf.afb4e1c9346de07f87219b9f5acf477a.jpg</filename>
	<path>ck0tzmo81wtq50721yer41mgt_jpeg.rf.afb4e1c9346de07f87219b9f5acf477a.jpg</path>
	<source>
		<database>roboflow.ai</database>
	</source>
	<size>
		<width>640</width>
		<height>480</height>
		<depth>3</depth>
	</size>
	<segmented>0</segmented>
	<object>
		<name>smoke</name>
		<pose>Unspecified</pose>
		<truncated>0</truncated>
		<difficult>0</difficult>
		<occluded>0</occluded>
		<bndbox>
			<xmin>546</xmin>
			<xmax>623</xmax>
			<ymin>257</ymin>
			<ymax>292</ymax>
		</bndbox>
	</object>
</annotation>
