<annotation>
	<folder></folder>
	<filename>ck0t3kjngndaa0701i76i8q2c_jpeg.rf.7b33ab9af657e3432533388b4519bb60.jpg</filename>
	<path>ck0t3kjngndaa0701i76i8q2c_jpeg.rf.7b33ab9af657e3432533388b4519bb60.jpg</path>
	<source>
		<database>roboflow.ai</database>
	</source>
	<size>
		<width>640</width>
		<height>480</height>
		<depth>3</depth>
	</size>
	<segmented>0</segmented>
	<object>
		<name>smoke</name>
		<pose>Unspecified</pose>
		<truncated>0</truncated>
		<difficult>0</difficult>
		<occluded>0</occluded>
		<bndbox>
			<xmin>190</xmin>
			<xmax>211</xmax>
			<ymin>209</ymin>
			<ymax>233</ymax>
		</bndbox>
	</object>
</annotation>
