<annotation>
	<folder></folder>
	<filename>ck0twwuxz6k9i0848br68e8wm_jpeg.rf.e030f5f045919b341af6350a986d278b.jpg</filename>
	<path>ck0twwuxz6k9i0848br68e8wm_jpeg.rf.e030f5f045919b341af6350a986d278b.jpg</path>
	<source>
		<database>roboflow.ai</database>
	</source>
	<size>
		<width>640</width>
		<height>480</height>
		<depth>3</depth>
	</size>
	<segmented>0</segmented>
	<object>
		<name>smoke</name>
		<pose>Unspecified</pose>
		<truncated>0</truncated>
		<difficult>0</difficult>
		<occluded>0</occluded>
		<bndbox>
			<xmin>191</xmin>
			<xmax>209</xmax>
			<ymin>205</ymin>
			<ymax>230</ymax>
		</bndbox>
	</object>
</annotation>
