<annotation>
	<folder></folder>
	<filename>ck0tt357asc4k0838zbkl0wrd_jpeg.rf.bbd799b63b5ccabf50da4f83c6f2434a.jpg</filename>
	<path>ck0tt357asc4k0838zbkl0wrd_jpeg.rf.bbd799b63b5ccabf50da4f83c6f2434a.jpg</path>
	<source>
		<database>roboflow.ai</database>
	</source>
	<size>
		<width>640</width>
		<height>480</height>
		<depth>3</depth>
	</size>
	<segmented>0</segmented>
	<object>
		<name>smoke</name>
		<pose>Unspecified</pose>
		<truncated>0</truncated>
		<difficult>0</difficult>
		<occluded>0</occluded>
		<bndbox>
			<xmin>109</xmin>
			<xmax>194</xmax>
			<ymin>192</ymin>
			<ymax>318</ymax>
		</bndbox>
	</object>
</annotation>
