<annotation>
	<folder></folder>
	<filename>ck0t5n2jlkxuc07940mygjo8f_jpeg.rf.743e0e7964a1983568c0323735ea9d91.jpg</filename>
	<path>ck0t5n2jlkxuc07940mygjo8f_jpeg.rf.743e0e7964a1983568c0323735ea9d91.jpg</path>
	<source>
		<database>roboflow.ai</database>
	</source>
	<size>
		<width>640</width>
		<height>480</height>
		<depth>3</depth>
	</size>
	<segmented>0</segmented>
	<object>
		<name>smoke</name>
		<pose>Unspecified</pose>
		<truncated>0</truncated>
		<difficult>0</difficult>
		<occluded>0</occluded>
		<bndbox>
			<xmin>1</xmin>
			<xmax>164</xmax>
			<ymin>73</ymin>
			<ymax>324</ymax>
		</bndbox>
	</object>
</annotation>
