<annotation>
	<folder></folder>
	<filename>ck0tszu61qmo10794stj6lmkj_jpeg.rf.74610774501419ad96bf232c9f58838e.jpg</filename>
	<path>ck0tszu61qmo10794stj6lmkj_jpeg.rf.74610774501419ad96bf232c9f58838e.jpg</path>
	<source>
		<database>roboflow.ai</database>
	</source>
	<size>
		<width>640</width>
		<height>480</height>
		<depth>3</depth>
	</size>
	<segmented>0</segmented>
	<object>
		<name>smoke</name>
		<pose>Unspecified</pose>
		<truncated>0</truncated>
		<difficult>0</difficult>
		<occluded>0</occluded>
		<bndbox>
			<xmin>1</xmin>
			<xmax>170</xmax>
			<ymin>80</ymin>
			<ymax>337</ymax>
		</bndbox>
	</object>
</annotation>
