<annotation>
	<folder></folder>
	<filename>ck0tzphn3t5by0838ge18vkq7_jpeg.rf.f15891396160c6c83e3b052fd5d235f2.jpg</filename>
	<path>ck0tzphn3t5by0838ge18vkq7_jpeg.rf.f15891396160c6c83e3b052fd5d235f2.jpg</path>
	<source>
		<database>roboflow.ai</database>
	</source>
	<size>
		<width>640</width>
		<height>480</height>
		<depth>3</depth>
	</size>
	<segmented>0</segmented>
	<object>
		<name>smoke</name>
		<pose>Unspecified</pose>
		<truncated>0</truncated>
		<difficult>0</difficult>
		<occluded>0</occluded>
		<bndbox>
			<xmin>206</xmin>
			<xmax>253</xmax>
			<ymin>160</ymin>
			<ymax>240</ymax>
		</bndbox>
	</object>
</annotation>
