<annotation>
	<folder></folder>
	<filename>ck0tyxvkx6t1d0848kk4vfkrb_jpeg.rf.a38ddfd3863bcaad9a265c57a56f02ef.jpg</filename>
	<path>ck0tyxvkx6t1d0848kk4vfkrb_jpeg.rf.a38ddfd3863bcaad9a265c57a56f02ef.jpg</path>
	<source>
		<database>roboflow.ai</database>
	</source>
	<size>
		<width>640</width>
		<height>480</height>
		<depth>3</depth>
	</size>
	<segmented>0</segmented>
	<object>
		<name>smoke</name>
		<pose>Unspecified</pose>
		<truncated>0</truncated>
		<difficult>0</difficult>
		<occluded>0</occluded>
		<bndbox>
			<xmin>327</xmin>
			<xmax>443</xmax>
			<ymin>206</ymin>
			<ymax>255</ymax>
		</bndbox>
	</object>
</annotation>
