<annotation>
	<folder></folder>
	<filename>ck0tt3hm6tsh90701m4t0sq7e_jpeg.rf.bf573bb3cc96443e940c0e1b2a554dd1.jpg</filename>
	<path>ck0tt3hm6tsh90701m4t0sq7e_jpeg.rf.bf573bb3cc96443e940c0e1b2a554dd1.jpg</path>
	<source>
		<database>roboflow.ai</database>
	</source>
	<size>
		<width>640</width>
		<height>480</height>
		<depth>3</depth>
	</size>
	<segmented>0</segmented>
	<object>
		<name>smoke</name>
		<pose>Unspecified</pose>
		<truncated>0</truncated>
		<difficult>0</difficult>
		<occluded>0</occluded>
		<bndbox>
			<xmin>275</xmin>
			<xmax>420</xmax>
			<ymin>232</ymin>
			<ymax>308</ymax>
		</bndbox>
	</object>
</annotation>
