<annotation>
	<folder></folder>
	<filename>ck0twl6pqwg6c0721ja81m52m_jpeg.rf.a8b03e4b1a1200e7ebbbec17e9a4e818.jpg</filename>
	<path>ck0twl6pqwg6c0721ja81m52m_jpeg.rf.a8b03e4b1a1200e7ebbbec17e9a4e818.jpg</path>
	<source>
		<database>roboflow.ai</database>
	</source>
	<size>
		<width>640</width>
		<height>480</height>
		<depth>3</depth>
	</size>
	<segmented>0</segmented>
	<object>
		<name>smoke</name>
		<pose>Unspecified</pose>
		<truncated>0</truncated>
		<difficult>0</difficult>
		<occluded>0</occluded>
		<bndbox>
			<xmin>448</xmin>
			<xmax>619</xmax>
			<ymin>212</ymin>
			<ymax>283</ymax>
		</bndbox>
	</object>
</annotation>
