<annotation>
	<folder></folder>
	<filename>ck0u0i88bunv00944unevdbqg_jpeg.rf.d20e47a3a4c4cec68381d5f113f985d8.jpg</filename>
	<path>ck0u0i88bunv00944unevdbqg_jpeg.rf.d20e47a3a4c4cec68381d5f113f985d8.jpg</path>
	<source>
		<database>roboflow.ai</database>
	</source>
	<size>
		<width>640</width>
		<height>480</height>
		<depth>3</depth>
	</size>
	<segmented>0</segmented>
	<object>
		<name>smoke</name>
		<pose>Unspecified</pose>
		<truncated>0</truncated>
		<difficult>0</difficult>
		<occluded>0</occluded>
		<bndbox>
			<xmin>304</xmin>
			<xmax>524</xmax>
			<ymin>253</ymin>
			<ymax>319</ymax>
		</bndbox>
	</object>
</annotation>
