<annotation>
	<folder></folder>
	<filename>ck0u095lit8ti08381w4noa0x_jpeg.rf.bd10a2fd9541e77cad818da589290152.jpg</filename>
	<path>ck0u095lit8ti08381w4noa0x_jpeg.rf.bd10a2fd9541e77cad818da589290152.jpg</path>
	<source>
		<database>roboflow.ai</database>
	</source>
	<size>
		<width>640</width>
		<height>480</height>
		<depth>3</depth>
	</size>
	<segmented>0</segmented>
	<object>
		<name>smoke</name>
		<pose>Unspecified</pose>
		<truncated>0</truncated>
		<difficult>0</difficult>
		<occluded>0</occluded>
		<bndbox>
			<xmin>502</xmin>
			<xmax>624</xmax>
			<ymin>234</ymin>
			<ymax>297</ymax>
		</bndbox>
	</object>
</annotation>
