<annotation>
	<folder></folder>
	<filename>ck0ukhrm7wh9z0944dld49omk_jpeg.rf.e34dffbbe4bdc445193672cf547bb600.jpg</filename>
	<path>ck0ukhrm7wh9z0944dld49omk_jpeg.rf.e34dffbbe4bdc445193672cf547bb600.jpg</path>
	<source>
		<database>roboflow.ai</database>
	</source>
	<size>
		<width>640</width>
		<height>480</height>
		<depth>3</depth>
	</size>
	<segmented>0</segmented>
	<object>
		<name>smoke</name>
		<pose>Unspecified</pose>
		<truncated>0</truncated>
		<difficult>0</difficult>
		<occluded>0</occluded>
		<bndbox>
			<xmin>167</xmin>
			<xmax>269</xmax>
			<ymin>254</ymin>
			<ymax>278</ymax>
		</bndbox>
	</object>
</annotation>
