<annotation>
	<folder></folder>
	<filename>ck0uk4wf8875i0a46hztpqvip_jpeg.rf.7a25fd32be8f8e700adb8bfadb0061d1.jpg</filename>
	<path>ck0uk4wf8875i0a46hztpqvip_jpeg.rf.7a25fd32be8f8e700adb8bfadb0061d1.jpg</path>
	<source>
		<database>roboflow.ai</database>
	</source>
	<size>
		<width>640</width>
		<height>480</height>
		<depth>3</depth>
	</size>
	<segmented>0</segmented>
	<object>
		<name>smoke</name>
		<pose>Unspecified</pose>
		<truncated>0</truncated>
		<difficult>0</difficult>
		<occluded>0</occluded>
		<bndbox>
			<xmin>93</xmin>
			<xmax>192</xmax>
			<ymin>237</ymin>
			<ymax>268</ymax>
		</bndbox>
	</object>
</annotation>
