<annotation>
	<folder></folder>
	<filename>ck0u14y7arp5c0794llhscme5_jpeg.rf.b9a8d990ee70e43ff692e1ad75c6df7d.jpg</filename>
	<path>ck0u14y7arp5c0794llhscme5_jpeg.rf.b9a8d990ee70e43ff692e1ad75c6df7d.jpg</path>
	<source>
		<database>roboflow.ai</database>
	</source>
	<size>
		<width>640</width>
		<height>480</height>
		<depth>3</depth>
	</size>
	<segmented>0</segmented>
	<object>
		<name>smoke</name>
		<pose>Unspecified</pose>
		<truncated>0</truncated>
		<difficult>0</difficult>
		<occluded>0</occluded>
		<bndbox>
			<xmin>192</xmin>
			<xmax>239</xmax>
			<ymin>237</ymin>
			<ymax>297</ymax>
		</bndbox>
	</object>
</annotation>
