<annotation>
	<folder></folder>
	<filename>ck0ujoiltwezp0944u48gk6wn_jpeg.rf.ff498f4094583e78e66034d107ad0285.jpg</filename>
	<path>ck0ujoiltwezp0944u48gk6wn_jpeg.rf.ff498f4094583e78e66034d107ad0285.jpg</path>
	<source>
		<database>roboflow.ai</database>
	</source>
	<size>
		<width>640</width>
		<height>480</height>
		<depth>3</depth>
	</size>
	<segmented>0</segmented>
	<object>
		<name>smoke</name>
		<pose>Unspecified</pose>
		<truncated>0</truncated>
		<difficult>0</difficult>
		<occluded>0</occluded>
		<bndbox>
			<xmin>2</xmin>
			<xmax>151</xmax>
			<ymin>243</ymin>
			<ymax>334</ymax>
		</bndbox>
	</object>
</annotation>
