<annotation>
	<folder></folder>
	<filename>ck0ujo3wrv2130838pn66pvj4_jpeg.rf.ace164faea7387c83c08a68c7b37d736.jpg</filename>
	<path>ck0ujo3wrv2130838pn66pvj4_jpeg.rf.ace164faea7387c83c08a68c7b37d736.jpg</path>
	<source>
		<database>roboflow.ai</database>
	</source>
	<size>
		<width>640</width>
		<height>480</height>
		<depth>3</depth>
	</size>
	<segmented>0</segmented>
	<object>
		<name>smoke</name>
		<pose>Unspecified</pose>
		<truncated>0</truncated>
		<difficult>0</difficult>
		<occluded>0</occluded>
		<bndbox>
			<xmin>172</xmin>
			<xmax>243</xmax>
			<ymin>227</ymin>
			<ymax>293</ymax>
		</bndbox>
	</object>
</annotation>
