<annotation>
	<folder></folder>
	<filename>ck0ukk30lwlt9070113ad7m2j_jpeg.rf.b11eceafee595fed74046181725c1d95.jpg</filename>
	<path>ck0ukk30lwlt9070113ad7m2j_jpeg.rf.b11eceafee595fed74046181725c1d95.jpg</path>
	<source>
		<database>roboflow.ai</database>
	</source>
	<size>
		<width>640</width>
		<height>480</height>
		<depth>3</depth>
	</size>
	<segmented>0</segmented>
	<object>
		<name>smoke</name>
		<pose>Unspecified</pose>
		<truncated>0</truncated>
		<difficult>0</difficult>
		<occluded>0</occluded>
		<bndbox>
			<xmin>5</xmin>
			<xmax>164</xmax>
			<ymin>187</ymin>
			<ymax>326</ymax>
		</bndbox>
	</object>
</annotation>
