<annotation>
	<folder></folder>
	<filename>ck0u0l462sqjj0863jgtyd84b_jpeg.rf.c4ce1970c78664d09fd0e89d04c6b869.jpg</filename>
	<path>ck0u0l462sqjj0863jgtyd84b_jpeg.rf.c4ce1970c78664d09fd0e89d04c6b869.jpg</path>
	<source>
		<database>roboflow.ai</database>
	</source>
	<size>
		<width>640</width>
		<height>480</height>
		<depth>3</depth>
	</size>
	<segmented>0</segmented>
	<object>
		<name>smoke</name>
		<pose>Unspecified</pose>
		<truncated>0</truncated>
		<difficult>0</difficult>
		<occluded>0</occluded>
		<bndbox>
			<xmin>479</xmin>
			<xmax>521</xmax>
			<ymin>196</ymin>
			<ymax>244</ymax>
		</bndbox>
	</object>
</annotation>
