<annotation>
	<folder></folder>
	<filename>ck0ujirqowixt07012814w3ox_jpeg.rf.af7d2c5ce6bcfedb6ffd891231b412c8.jpg</filename>
	<path>ck0ujirqowixt07012814w3ox_jpeg.rf.af7d2c5ce6bcfedb6ffd891231b412c8.jpg</path>
	<source>
		<database>roboflow.ai</database>
	</source>
	<size>
		<width>640</width>
		<height>480</height>
		<depth>3</depth>
	</size>
	<segmented>0</segmented>
	<object>
		<name>smoke</name>
		<pose>Unspecified</pose>
		<truncated>0</truncated>
		<difficult>0</difficult>
		<occluded>0</occluded>
		<bndbox>
			<xmin>529</xmin>
			<xmax>619</xmax>
			<ymin>211</ymin>
			<ymax>287</ymax>
		</bndbox>
	</object>
</annotation>
