<annotation>
	<folder></folder>
	<filename>ck0ukglh8v4be0838snyl10yu_jpeg.rf.d1be73932e5973c718b1635e2181b31f.jpg</filename>
	<path>ck0ukglh8v4be0838snyl10yu_jpeg.rf.d1be73932e5973c718b1635e2181b31f.jpg</path>
	<source>
		<database>roboflow.ai</database>
	</source>
	<size>
		<width>640</width>
		<height>480</height>
		<depth>3</depth>
	</size>
	<segmented>0</segmented>
	<object>
		<name>smoke</name>
		<pose>Unspecified</pose>
		<truncated>0</truncated>
		<difficult>0</difficult>
		<occluded>0</occluded>
		<bndbox>
			<xmin>194</xmin>
			<xmax>214</xmax>
			<ymin>206</ymin>
			<ymax>225</ymax>
		</bndbox>
	</object>
</annotation>
