<annotation>
	<folder></folder>
	<filename>ck0u98ba1xzpe0721rgjjjun5_jpeg.rf.c8cc83fd4689caf4aff86fee001b8a16.jpg</filename>
	<path>ck0u98ba1xzpe0721rgjjjun5_jpeg.rf.c8cc83fd4689caf4aff86fee001b8a16.jpg</path>
	<source>
		<database>roboflow.ai</database>
	</source>
	<size>
		<width>640</width>
		<height>480</height>
		<depth>3</depth>
	</size>
	<segmented>0</segmented>
	<object>
		<name>smoke</name>
		<pose>Unspecified</pose>
		<truncated>0</truncated>
		<difficult>0</difficult>
		<occluded>0</occluded>
		<bndbox>
			<xmin>499</xmin>
			<xmax>638</xmax>
			<ymin>251</ymin>
			<ymax>291</ymax>
		</bndbox>
	</object>
</annotation>
