<annotation>
	<folder></folder>
	<filename>ck0u01dbyuoe30701p6pfzb0q_jpeg.rf.dc34aba657747af88bf1eec63f19ea6b.jpg</filename>
	<path>ck0u01dbyuoe30701p6pfzb0q_jpeg.rf.dc34aba657747af88bf1eec63f19ea6b.jpg</path>
	<source>
		<database>roboflow.ai</database>
	</source>
	<size>
		<width>640</width>
		<height>480</height>
		<depth>3</depth>
	</size>
	<segmented>0</segmented>
	<object>
		<name>smoke</name>
		<pose>Unspecified</pose>
		<truncated>0</truncated>
		<difficult>0</difficult>
		<occluded>0</occluded>
		<bndbox>
			<xmin>159</xmin>
			<xmax>422</xmax>
			<ymin>167</ymin>
			<ymax>321</ymax>
		</bndbox>
	</object>
</annotation>
