<annotation>
	<folder></folder>
	<filename>ck0ujle3ouhd20863udrln8yl_jpeg.rf.7fc4afb2782e4051e67f7107b0005f26.jpg</filename>
	<path>ck0ujle3ouhd20863udrln8yl_jpeg.rf.7fc4afb2782e4051e67f7107b0005f26.jpg</path>
	<source>
		<database>roboflow.ai</database>
	</source>
	<size>
		<width>640</width>
		<height>480</height>
		<depth>3</depth>
	</size>
	<segmented>0</segmented>
	<object>
		<name>smoke</name>
		<pose>Unspecified</pose>
		<truncated>0</truncated>
		<difficult>0</difficult>
		<occluded>0</occluded>
		<bndbox>
			<xmin>165</xmin>
			<xmax>227</xmax>
			<ymin>259</ymin>
			<ymax>280</ymax>
		</bndbox>
	</object>
</annotation>
