<annotation>
	<folder></folder>
	<filename>ck0u13g18uv1x070166k2ew3t_jpeg.rf.9105a3ace2fbeb2dfa3d74117355464c.jpg</filename>
	<path>ck0u13g18uv1x070166k2ew3t_jpeg.rf.9105a3ace2fbeb2dfa3d74117355464c.jpg</path>
	<source>
		<database>roboflow.ai</database>
	</source>
	<size>
		<width>640</width>
		<height>480</height>
		<depth>3</depth>
	</size>
	<segmented>0</segmented>
	<object>
		<name>smoke</name>
		<pose>Unspecified</pose>
		<truncated>0</truncated>
		<difficult>0</difficult>
		<occluded>0</occluded>
		<bndbox>
			<xmin>197</xmin>
			<xmax>252</xmax>
			<ymin>161</ymin>
			<ymax>240</ymax>
		</bndbox>
	</object>
</annotation>
