<annotation>
	<folder></folder>
	<filename>ck0u0zahz74ln0848lonhk1xg_jpeg.rf.7cb0fa04dc9b397b8ff07e625eb2aefa.jpg</filename>
	<path>ck0u0zahz74ln0848lonhk1xg_jpeg.rf.7cb0fa04dc9b397b8ff07e625eb2aefa.jpg</path>
	<source>
		<database>roboflow.ai</database>
	</source>
	<size>
		<width>640</width>
		<height>480</height>
		<depth>3</depth>
	</size>
	<segmented>0</segmented>
	<object>
		<name>smoke</name>
		<pose>Unspecified</pose>
		<truncated>0</truncated>
		<difficult>0</difficult>
		<occluded>0</occluded>
		<bndbox>
			<xmin>98</xmin>
			<xmax>164</xmax>
			<ymin>236</ymin>
			<ymax>268</ymax>
		</bndbox>
	</object>
</annotation>
