<annotation>
	<folder></folder>
	<filename>ck0u0muhduoik0944fwbze43u_jpeg.rf.74bd00e3d0c2bb38628bd3d60bc56572.jpg</filename>
	<path>ck0u0muhduoik0944fwbze43u_jpeg.rf.74bd00e3d0c2bb38628bd3d60bc56572.jpg</path>
	<source>
		<database>roboflow.ai</database>
	</source>
	<size>
		<width>640</width>
		<height>480</height>
		<depth>3</depth>
	</size>
	<segmented>0</segmented>
	<object>
		<name>smoke</name>
		<pose>Unspecified</pose>
		<truncated>0</truncated>
		<difficult>0</difficult>
		<occluded>0</occluded>
		<bndbox>
			<xmin>119</xmin>
			<xmax>194</xmax>
			<ymin>170</ymin>
			<ymax>285</ymax>
		</bndbox>
	</object>
</annotation>
