<annotation>
	<folder></folder>
	<filename>ck0u0gs1d71m70848obwsy04a_jpeg.rf.9d2a66f2846a0e53d523face7aa0ac1c.jpg</filename>
	<path>ck0u0gs1d71m70848obwsy04a_jpeg.rf.9d2a66f2846a0e53d523face7aa0ac1c.jpg</path>
	<source>
		<database>roboflow.ai</database>
	</source>
	<size>
		<width>640</width>
		<height>480</height>
		<depth>3</depth>
	</size>
	<segmented>0</segmented>
	<object>
		<name>smoke</name>
		<pose>Unspecified</pose>
		<truncated>0</truncated>
		<difficult>0</difficult>
		<occluded>0</occluded>
		<bndbox>
			<xmin>182</xmin>
			<xmax>233</xmax>
			<ymin>236</ymin>
			<ymax>297</ymax>
		</bndbox>
	</object>
</annotation>
