<annotation>
	<folder></folder>
	<filename>ck0u9e8u77f9y0a46i2qc7hje_jpeg.rf.a3d2e2112949e6b909551dd3f33dddfd.jpg</filename>
	<path>ck0u9e8u77f9y0a46i2qc7hje_jpeg.rf.a3d2e2112949e6b909551dd3f33dddfd.jpg</path>
	<source>
		<database>roboflow.ai</database>
	</source>
	<size>
		<width>640</width>
		<height>480</height>
		<depth>3</depth>
	</size>
	<segmented>0</segmented>
	<object>
		<name>smoke</name>
		<pose>Unspecified</pose>
		<truncated>0</truncated>
		<difficult>0</difficult>
		<occluded>0</occluded>
		<bndbox>
			<xmin>139</xmin>
			<xmax>189</xmax>
			<ymin>288</ymin>
			<ymax>316</ymax>
		</bndbox>
	</object>
</annotation>
