<annotation>
	<folder></folder>
	<filename>ck0u0dcgdwy9r072177202gnd_jpeg.rf.ed8b6721555e8d9aba61dce9a162f6df.jpg</filename>
	<path>ck0u0dcgdwy9r072177202gnd_jpeg.rf.ed8b6721555e8d9aba61dce9a162f6df.jpg</path>
	<source>
		<database>roboflow.ai</database>
	</source>
	<size>
		<width>640</width>
		<height>480</height>
		<depth>3</depth>
	</size>
	<segmented>0</segmented>
	<object>
		<name>smoke</name>
		<pose>Unspecified</pose>
		<truncated>0</truncated>
		<difficult>0</difficult>
		<occluded>0</occluded>
		<bndbox>
			<xmin>191</xmin>
			<xmax>214</xmax>
			<ymin>205</ymin>
			<ymax>230</ymax>
		</bndbox>
	</object>
</annotation>
