<annotation>
	<folder></folder>
	<filename>ck0ujwlr98tkt0848fudx9cb3_jpeg.rf.a06824e458bc658304e03c577aa85c16.jpg</filename>
	<path>ck0ujwlr98tkt0848fudx9cb3_jpeg.rf.a06824e458bc658304e03c577aa85c16.jpg</path>
	<source>
		<database>roboflow.ai</database>
	</source>
	<size>
		<width>640</width>
		<height>480</height>
		<depth>3</depth>
	</size>
	<segmented>0</segmented>
	<object>
		<name>smoke</name>
		<pose>Unspecified</pose>
		<truncated>0</truncated>
		<difficult>0</difficult>
		<occluded>0</occluded>
		<bndbox>
			<xmin>325</xmin>
			<xmax>531</xmax>
			<ymin>205</ymin>
			<ymax>254</ymax>
		</bndbox>
	</object>
</annotation>
