<annotation>
	<folder></folder>
	<filename>ck0ujb0z98s2k08487aup4zlv_jpeg.rf.f7782299c142e682f20fa934e9f8d5ce.jpg</filename>
	<path>ck0ujb0z98s2k08487aup4zlv_jpeg.rf.f7782299c142e682f20fa934e9f8d5ce.jpg</path>
	<source>
		<database>roboflow.ai</database>
	</source>
	<size>
		<width>640</width>
		<height>480</height>
		<depth>3</depth>
	</size>
	<segmented>0</segmented>
	<object>
		<name>smoke</name>
		<pose>Unspecified</pose>
		<truncated>0</truncated>
		<difficult>0</difficult>
		<occluded>0</occluded>
		<bndbox>
			<xmin>91</xmin>
			<xmax>183</xmax>
			<ymin>232</ymin>
			<ymax>266</ymax>
		</bndbox>
	</object>
</annotation>
