<annotation>
	<folder></folder>
	<filename>ck0ug3gjz7wk00a46ikj346zv_jpeg.rf.c965066b7e947133c6e047b4b977aa9e.jpg</filename>
	<path>ck0ug3gjz7wk00a46ikj346zv_jpeg.rf.c965066b7e947133c6e047b4b977aa9e.jpg</path>
	<source>
		<database>roboflow.ai</database>
	</source>
	<size>
		<width>640</width>
		<height>480</height>
		<depth>3</depth>
	</size>
	<segmented>0</segmented>
	<object>
		<name>smoke</name>
		<pose>Unspecified</pose>
		<truncated>0</truncated>
		<difficult>0</difficult>
		<occluded>0</occluded>
		<bndbox>
			<xmin>118</xmin>
			<xmax>288</xmax>
			<ymin>102</ymin>
			<ymax>323</ymax>
		</bndbox>
	</object>
</annotation>
