<annotation>
	<folder></folder>
	<filename>ck0u0obru6f6u0a46axncdx9n_jpeg.rf.a1d7c0c1b0cd06e7f8ba492cdfee2cf2.jpg</filename>
	<path>ck0u0obru6f6u0a46axncdx9n_jpeg.rf.a1d7c0c1b0cd06e7f8ba492cdfee2cf2.jpg</path>
	<source>
		<database>roboflow.ai</database>
	</source>
	<size>
		<width>640</width>
		<height>480</height>
		<depth>3</depth>
	</size>
	<segmented>0</segmented>
	<object>
		<name>smoke</name>
		<pose>Unspecified</pose>
		<truncated>0</truncated>
		<difficult>0</difficult>
		<occluded>0</occluded>
		<bndbox>
			<xmin>130</xmin>
			<xmax>171</xmax>
			<ymin>219</ymin>
			<ymax>283</ymax>
		</bndbox>
	</object>
</annotation>
