<annotation>
	<folder></folder>
	<filename>ck0u0nf3ftb7n083861jt62o2_jpeg.rf.cd876ad735a6b63314285acf94d9b387.jpg</filename>
	<path>ck0u0nf3ftb7n083861jt62o2_jpeg.rf.cd876ad735a6b63314285acf94d9b387.jpg</path>
	<source>
		<database>roboflow.ai</database>
	</source>
	<size>
		<width>640</width>
		<height>480</height>
		<depth>3</depth>
	</size>
	<segmented>0</segmented>
	<object>
		<name>smoke</name>
		<pose>Unspecified</pose>
		<truncated>0</truncated>
		<difficult>0</difficult>
		<occluded>0</occluded>
		<bndbox>
			<xmin>494</xmin>
			<xmax>638</xmax>
			<ymin>194</ymin>
			<ymax>254</ymax>
		</bndbox>
	</object>
</annotation>
