<annotation>
	<folder></folder>
	<filename>ck0uklx72wly70701px5wl6fw_jpeg.rf.cb1683418c777e1d072763d02d84465b.jpg</filename>
	<path>ck0uklx72wly70701px5wl6fw_jpeg.rf.cb1683418c777e1d072763d02d84465b.jpg</path>
	<source>
		<database>roboflow.ai</database>
	</source>
	<size>
		<width>640</width>
		<height>480</height>
		<depth>3</depth>
	</size>
	<segmented>0</segmented>
	<object>
		<name>smoke</name>
		<pose>Unspecified</pose>
		<truncated>0</truncated>
		<difficult>0</difficult>
		<occluded>0</occluded>
		<bndbox>
			<xmin>326</xmin>
			<xmax>518</xmax>
			<ymin>204</ymin>
			<ymax>254</ymax>
		</bndbox>
	</object>
</annotation>
